Replay_Filename,Winner_Name,Player1.OpeningStrategy.FeudalTime,Player1.OpeningStrategy.Villagers,Player1.OpeningStrategy.DarkAgeLoom,Player1.OpeningStrategy.FirstBarracksTime,Player1.OpeningStrategy.NumberOfMilitiaUnits,Player1.OpeningStrategy.PreMillBarracks,Player1.OpeningStrategy.OpeningMilitaryBuildingTime,Player1.OpeningStrategy.Scout Cavalry,Player1.OpeningStrategy.Skirmisher,Player1.OpeningStrategy.Archer,Player1.OpeningStrategy.Spearman,Player1.OpeningStrategy.NumberFeudalFarms,Player1.OpeningStrategy.TimeThreeFarms,Player1.OpeningStrategy.TimeSixFarms,Player1.OpeningStrategy.TimeTenFarms,Player1.OpeningStrategy.TimeFifteenFarms,Player1.OpeningStrategy.TimeTwentyFarms,Player1.OpeningStrategy.DarkAgeWallsNumber,Player1.OpeningStrategy.FeudalWallsNumber,Player1.OpeningStrategy.PostCastleWalls,Player1.OpeningStrategy.FeudalHousesBuilt,Player2.OpeningStrategy.FeudalTime,Player2.OpeningStrategy.Villagers,Player2.OpeningStrategy.DarkAgeLoom,Player2.OpeningStrategy.FirstBarracksTime,Player2.OpeningStrategy.NumberOfMilitiaUnits,Player2.OpeningStrategy.PreMillBarracks,Player2.OpeningStrategy.OpeningMilitaryBuildingTime,Player2.OpeningStrategy.Scout Cavalry,Player2.OpeningStrategy.Skirmisher,Player2.OpeningStrategy.Archer,Player2.OpeningStrategy.Spearman,Player2.OpeningStrategy.NumberFeudalFarms,Player2.OpeningStrategy.TimeThreeFarms,Player2.OpeningStrategy.TimeSixFarms,Player2.OpeningStrategy.TimeTenFarms,Player2.OpeningStrategy.TimeFifteenFarms,Player2.OpeningStrategy.TimeTwentyFarms,Player2.OpeningStrategy.DarkAgeWallsNumber,Player2.OpeningStrategy.FeudalWallsNumber,Player2.OpeningStrategy.PostCastleWalls,Player2.OpeningStrategy.FeudalHousesBuilt,DistanceBetweenPlayers,DifferenceInELO,Player1.Front,Player1.Side,Player1.Back,Player2.Front,Player2.Side,Player2.Back,Player1.OpeningStrategy.OpeningStrategy_Could not Identify!,Player1.OpeningStrategy.OpeningStrategy_Fastle Castle,Player1.OpeningStrategy.OpeningStrategy_Pre-Mill Drush Flush,Player1.OpeningStrategy.OpeningStrategy_Scouts into archers,Player1.OpeningStrategy.OpeningStrategy_Straight Archers,Player1.OpeningStrategy.MilitiaStrategyIdentified_Pre-Mill Drush,Player1.OpeningStrategy.OpeningMilitaryBuilding_Archery Range,Player1.OpeningStrategy.OpeningMilitaryBuilding_Stable,Player1.OpeningStrategy.OpeningMilitaryBuilding_Towers/Barracks/FC,Player1.OpeningStrategy.DoubleBitAxe_0 days 00:03:57.966000,Player1.OpeningStrategy.DoubleBitAxe_0 days 00:06:46.147000,Player1.OpeningStrategy.DoubleBitAxe_0 days 00:06:55.702000,Player1.OpeningStrategy.DoubleBitAxe_0 days 00:07:15.410000,Player1.OpeningStrategy.DoubleBitAxe_0 days 00:07:23.535000,Player1.OpeningStrategy.DoubleBitAxe_0 days 00:07:25.758000,Player1.OpeningStrategy.DoubleBitAxe_0 days 00:07:30.737000,Player1.OpeningStrategy.DoubleBitAxe_0 days 00:08:34.216000,Player1.OpeningStrategy.DoubleBitAxe_0 days 00:08:52.897000,Player1.OpeningStrategy.DoubleBitAxe_0 days 00:09:21.133000,Player1.OpeningStrategy.DoubleBitAxe_0 days 00:09:42.674000,Player1.OpeningStrategy.DoubleBitAxe_0 days 00:09:43.077000,Player1.OpeningStrategy.DoubleBitAxe_0 days 00:09:44.702000,Player1.OpeningStrategy.DoubleBitAxe_0 days 00:09:45.313000,Player1.OpeningStrategy.DoubleBitAxe_0 days 00:09:55.466000,Player1.OpeningStrategy.DoubleBitAxe_0 days 00:10:07.452000,Player1.OpeningStrategy.DoubleBitAxe_0 days 00:10:08.869000,Player1.OpeningStrategy.DoubleBitAxe_0 days 00:10:09.883000,Player1.OpeningStrategy.DoubleBitAxe_0 days 00:10:13.341000,Player1.OpeningStrategy.DoubleBitAxe_0 days 00:10:13.549000,Player1.OpeningStrategy.DoubleBitAxe_0 days 00:10:16.188000,Player1.OpeningStrategy.DoubleBitAxe_0 days 00:10:16.383000,Player1.OpeningStrategy.DoubleBitAxe_0 days 00:10:21.674000,Player1.OpeningStrategy.DoubleBitAxe_0 days 00:10:38.535000,Player1.OpeningStrategy.DoubleBitAxe_0 days 00:10:52.146000,Player1.OpeningStrategy.DoubleBitAxe_0 days 00:11:14.272000,Player1.OpeningStrategy.DoubleBitAxe_0 days 00:11:23.216000,Player1.OpeningStrategy.DoubleBitAxe_0 days 00:11:27.077000,Player1.OpeningStrategy.DoubleBitAxe_0 days 00:11:50.841000,Player1.OpeningStrategy.DoubleBitAxe_0 days 00:12:09.132000,Player1.OpeningStrategy.DoubleBitAxe_0 days 00:12:09.938000,Player1.OpeningStrategy.DoubleBitAxe_0 days 00:13:22.244000,Player1.OpeningStrategy.DoubleBitAxe_0 days 00:13:24.355000,Player1.OpeningStrategy.DoubleBitAxe_0 days 00:13:44.994000,Player1.OpeningStrategy.DoubleBitAxe_0 days 00:13:54.952000,Player1.OpeningStrategy.DoubleBitAxe_0 days 00:14:07.549000,Player1.OpeningStrategy.DoubleBitAxe_0 days 00:14:41.869000,Player1.OpeningStrategy.DoubleBitAxe_0 days 00:15:10.465000,Player1.OpeningStrategy.DoubleBitAxe_0 days 00:16:33.670000,Player1.OpeningStrategy.DoubleBitAxe_0 days 00:18:01.549000,Player1.OpeningStrategy.HorseCollar_0 days 00:06:56.591000,Player1.OpeningStrategy.HorseCollar_0 days 00:09:35.438000,Player1.OpeningStrategy.HorseCollar_0 days 00:10:27.035000,Player1.OpeningStrategy.HorseCollar_0 days 00:10:33.797000,Player1.OpeningStrategy.HorseCollar_0 days 00:11:07.647000,Player1.OpeningStrategy.HorseCollar_0 days 00:16:35.702000,Player1.OpeningStrategy.HorseCollar_0 days 00:19:28.771000,Player1.OpeningStrategy.HorseCollar_0 days 00:19:57.618000,Player1.OpeningStrategy.HorseCollar_0 days 00:20:38.702000,Player1.OpeningStrategy.HorseCollar_0 days 00:21:32.063000,Player1.OpeningStrategy.HorseCollar_0 days 00:21:55.778000,Player1.OpeningStrategy.HorseCollar_0 days 00:22:27.118000,Player1.OpeningStrategy.HorseCollar_0 days 00:22:56.771000,Player1.OpeningStrategy.HorseCollar_0 days 00:22:58.591000,Player1.OpeningStrategy.HorseCollar_0 days 00:23:26.027000,Player1.OpeningStrategy.HorseCollar_0 days 00:23:48.601000,Player1.OpeningStrategy.HorseCollar_0 days 00:24:22.688000,Player1.OpeningStrategy.HorseCollar_0 days 00:24:57.008000,Player1.OpeningStrategy.HorseCollar_0 days 00:24:59.049000,Player1.OpeningStrategy.HorseCollar_0 days 00:25:31.349000,Player1.OpeningStrategy.HorseCollar_0 days 00:25:32.224000,Player1.OpeningStrategy.HorseCollar_0 days 00:25:39.869000,Player1.OpeningStrategy.HorseCollar_0 days 00:27:12.825000,Player1.OpeningStrategy.HorseCollar_0 days 00:31:06.494000,Player1.OpeningStrategy.HorseCollar_0 days 00:32:19.619000,Player1.OpeningStrategy.Wheelbarrow_0 days 00:19:00.624000,Player1.OpeningStrategy.Wheelbarrow_0 days 00:21:06.619000,Player1.OpeningStrategy.Wheelbarrow_0 days 00:23:35.520000,Player1.OpeningStrategy.Wheelbarrow_0 days 00:24:21.619000,Player1.OpeningStrategy.Wheelbarrow_0 days 00:24:27.063000,Player1.OpeningStrategy.Wheelbarrow_0 days 00:25:31.827000,Player1.OpeningStrategy.Wheelbarrow_0 days 00:26:46.603000,Player1.OpeningStrategy.Wheelbarrow_0 days 00:27:22.980000,Player1.OpeningStrategy.Wheelbarrow_0 days 00:28:19.105000,Player1.OpeningStrategy.Wheelbarrow_0 days 00:28:31.869000,Player1.OpeningStrategy.Wheelbarrow_0 days 00:29:17.438000,Player1.OpeningStrategy.Wheelbarrow_0 days 00:30:07.702000,Player1.OpeningStrategy.Wheelbarrow_0 days 00:30:48.234000,Player1.OpeningStrategy.Wheelbarrow_0 days 00:31:22.772000,Player1.OpeningStrategy.Wheelbarrow_0 days 00:31:55.654000,Player1.OpeningStrategy.Wheelbarrow_0 days 00:32:09.212000,Player1.OpeningStrategy.Wheelbarrow_0 days 00:32:41.577000,Player1.OpeningStrategy.Wheelbarrow_0 days 00:32:45.049000,Player1.OpeningStrategy.Wheelbarrow_0 days 00:32:46.007000,Player1.OpeningStrategy.Wheelbarrow_0 days 00:33:12.934000,Player1.OpeningStrategy.Wheelbarrow_0 days 00:34:16.025000,Player1.OpeningStrategy.Wheelbarrow_0 days 00:37:24.313000,Player1.OpeningStrategy.Wheelbarrow_0 days 00:37:38.077000,Player1.OpeningStrategy.Wheelbarrow_0 days 00:42:05.936000,Player1.OpeningStrategy.Wheelbarrow_0 days 00:43:17.008000,Player1.OpeningStrategy.Wheelbarrow_0 days 00:44:15.771000,Player1.OpeningStrategy.Wheelbarrow_0 days 00:46:47.480000,Player1.OpeningStrategy.Wheelbarrow_0 days 00:56:01.132000,Player1.OpeningStrategy.Wheelbarrow_0 days 00:56:12.243000,Player1.MapAndCiv.Civilisation_Armenians,Player1.MapAndCiv.Civilisation_Bengalis,Player1.MapAndCiv.Civilisation_Burgundians,Player1.MapAndCiv.Civilisation_Byzantines,Player1.MapAndCiv.Civilisation_Celts,Player1.MapAndCiv.Civilisation_Dravidians,Player1.MapAndCiv.Civilisation_Georgians,Player1.MapAndCiv.Civilisation_Italians,Player1.MapAndCiv.Civilisation_Japanese,Player1.MapAndCiv.Civilisation_Magyars,Player1.MapAndCiv.Civilisation_Malay,Player1.MapAndCiv.Civilisation_Malians,Player1.MapAndCiv.Civilisation_Maya,Player1.MapAndCiv.Civilisation_Mongols,Player1.MapAndCiv.Civilisation_Poles,Player1.MapAndCiv.Civilisation_Portuguese,Player1.MapAndCiv.Civilisation_Romans,Player1.MapAndCiv.Civilisation_Spanish,Player1.MapAndCiv.Civilisation_Vikings,Player1.MapAndCiv.Civilisation_Wu,"Player1.MapAndCiv.StartingLocation_(0, 0)","Player1.MapAndCiv.StartingLocation_(100.0, 112.0)","Player1.MapAndCiv.StartingLocation_(103.0, 110.0)","Player1.MapAndCiv.StartingLocation_(23.0, 76.0)","Player1.MapAndCiv.StartingLocation_(25.0, 43.0)","Player1.MapAndCiv.StartingLocation_(27.0, 47.0)","Player1.MapAndCiv.StartingLocation_(29.0, 80.0)","Player1.MapAndCiv.StartingLocation_(32.0, 75.0)","Player1.MapAndCiv.StartingLocation_(32.0, 81.0)","Player1.MapAndCiv.StartingLocation_(34.0, 32.0)","Player1.MapAndCiv.StartingLocation_(37.0, 98.0)","Player1.MapAndCiv.StartingLocation_(48.0, 24.0)","Player1.MapAndCiv.StartingLocation_(49.0, 26.0)","Player1.MapAndCiv.StartingLocation_(59.0, 25.0)","Player1.MapAndCiv.StartingLocation_(61.0, 19.0)","Player1.MapAndCiv.StartingLocation_(63.0, 97.0)","Player1.MapAndCiv.StartingLocation_(64.0, 22.0)","Player1.MapAndCiv.StartingLocation_(67.0, 23.0)","Player1.MapAndCiv.StartingLocation_(73.0, 92.0)","Player1.MapAndCiv.StartingLocation_(73.0, 94.0)","Player1.MapAndCiv.StartingLocation_(93.0, 21.0)","Player1.MapAndCiv.StartingLocation_(93.0, 71.0)","Player1.MapAndCiv.StartingLocation_(94.0, 90.0)","Player1.MapAndCiv.StartingLocation_(96.0, 52.0)","Player1.MapAndCiv.StartingLocation_(96.0, 61.0)","Player1.MapAndCiv.StartingLocation_(98.0, 12.0)",Player2.OpeningStrategy.OpeningStrategy_Could not Identify!,Player2.OpeningStrategy.OpeningStrategy_Fastle Castle,Player2.OpeningStrategy.OpeningStrategy_Pre-Mill Drush Flush,Player2.OpeningStrategy.OpeningStrategy_Scouts into skirms,Player2.OpeningStrategy.OpeningStrategy_Straight Archers,Player2.OpeningStrategy.OpeningStrategy_Straight Skirms or Trash Rush,Player2.OpeningStrategy.MilitiaStrategyIdentified_Pre-Mill Drush,Player2.OpeningStrategy.OpeningMilitaryBuilding_Archery Range,Player2.OpeningStrategy.OpeningMilitaryBuilding_Stable,Player2.OpeningStrategy.OpeningMilitaryBuilding_Towers/Barracks/FC,Player2.OpeningStrategy.DoubleBitAxe_0 days 00:06:39.049000,Player2.OpeningStrategy.DoubleBitAxe_0 days 00:06:44.535000,Player2.OpeningStrategy.DoubleBitAxe_0 days 00:06:48.994000,Player2.OpeningStrategy.DoubleBitAxe_0 days 00:06:52.959000,Player2.OpeningStrategy.DoubleBitAxe_0 days 00:07:22.924000,Player2.OpeningStrategy.DoubleBitAxe_0 days 00:07:30.035000,Player2.OpeningStrategy.DoubleBitAxe_0 days 00:07:32.271000,Player2.OpeningStrategy.DoubleBitAxe_0 days 00:09:34.744000,Player2.OpeningStrategy.DoubleBitAxe_0 days 00:09:42.882000,Player2.OpeningStrategy.DoubleBitAxe_0 days 00:09:43.272000,Player2.OpeningStrategy.DoubleBitAxe_0 days 00:09:54.244000,Player2.OpeningStrategy.DoubleBitAxe_0 days 00:09:55.271000,Player2.OpeningStrategy.DoubleBitAxe_0 days 00:10:04.272000,Player2.OpeningStrategy.DoubleBitAxe_0 days 00:10:05.827000,Player2.OpeningStrategy.DoubleBitAxe_0 days 00:10:16.188000,Player2.OpeningStrategy.DoubleBitAxe_0 days 00:10:30.480000,Player2.OpeningStrategy.DoubleBitAxe_0 days 00:10:49.702000,Player2.OpeningStrategy.DoubleBitAxe_0 days 00:10:50.105000,Player2.OpeningStrategy.DoubleBitAxe_0 days 00:10:54.174000,Player2.OpeningStrategy.DoubleBitAxe_0 days 00:11:22.397000,Player2.OpeningStrategy.DoubleBitAxe_0 days 00:11:24.438000,Player2.OpeningStrategy.DoubleBitAxe_0 days 00:11:31.549000,Player2.OpeningStrategy.DoubleBitAxe_0 days 00:11:31.744000,Player2.OpeningStrategy.DoubleBitAxe_0 days 00:11:35.202000,Player2.OpeningStrategy.DoubleBitAxe_0 days 00:11:55.508000,Player2.OpeningStrategy.DoubleBitAxe_0 days 00:11:57.549000,Player2.OpeningStrategy.DoubleBitAxe_0 days 00:12:26.438000,Player2.OpeningStrategy.DoubleBitAxe_0 days 00:12:29.243000,Player2.OpeningStrategy.DoubleBitAxe_0 days 00:12:30.647000,Player2.OpeningStrategy.DoubleBitAxe_0 days 00:12:42.841000,Player2.OpeningStrategy.DoubleBitAxe_0 days 00:13:09.660000,Player2.OpeningStrategy.DoubleBitAxe_0 days 00:13:21.438000,Player2.OpeningStrategy.DoubleBitAxe_0 days 00:14:09.174000,Player2.OpeningStrategy.DoubleBitAxe_0 days 00:14:14.452000,Player2.OpeningStrategy.DoubleBitAxe_0 days 00:16:45.206000,Player2.OpeningStrategy.DoubleBitAxe_0 days 00:19:33.147000,Player2.OpeningStrategy.DoubleBitAxe_0 days 00:23:02.804000,Player2.OpeningStrategy.DoubleBitAxe_0 days 00:26:21.230000,Player2.OpeningStrategy.DoubleBitAxe_0 days 00:26:28.341000,Player2.OpeningStrategy.HorseCollar_0 days 00:10:00.632000,Player2.OpeningStrategy.HorseCollar_0 days 00:11:18.008000,Player2.OpeningStrategy.HorseCollar_0 days 00:11:48.493000,Player2.OpeningStrategy.HorseCollar_0 days 00:13:12.577000,Player2.OpeningStrategy.HorseCollar_0 days 00:14:02.744000,Player2.OpeningStrategy.HorseCollar_0 days 00:15:01.452000,Player2.OpeningStrategy.HorseCollar_0 days 00:15:28.063000,Player2.OpeningStrategy.HorseCollar_0 days 00:15:37.813000,Player2.OpeningStrategy.HorseCollar_0 days 00:15:50.466000,Player2.OpeningStrategy.HorseCollar_0 days 00:19:41.966000,Player2.OpeningStrategy.HorseCollar_0 days 00:19:43.269000,Player2.OpeningStrategy.HorseCollar_0 days 00:20:17.716000,Player2.OpeningStrategy.HorseCollar_0 days 00:20:18.119000,Player2.OpeningStrategy.HorseCollar_0 days 00:20:58.133000,Player2.OpeningStrategy.HorseCollar_0 days 00:21:09.313000,Player2.OpeningStrategy.HorseCollar_0 days 00:22:39.973000,Player2.OpeningStrategy.HorseCollar_0 days 00:24:55.994000,Player2.OpeningStrategy.HorseCollar_0 days 00:25:47.799000,Player2.OpeningStrategy.HorseCollar_0 days 00:26:01.624000,Player2.OpeningStrategy.HorseCollar_0 days 00:26:14.918000,Player2.OpeningStrategy.HorseCollar_0 days 00:26:15.224000,Player2.OpeningStrategy.HorseCollar_0 days 00:26:39.855000,Player2.OpeningStrategy.HorseCollar_0 days 00:26:55.841000,Player2.OpeningStrategy.HorseCollar_0 days 00:27:19.202000,Player2.OpeningStrategy.HorseCollar_0 days 00:31:37.382000,Player2.OpeningStrategy.HorseCollar_0 days 00:32:35.674000,Player2.OpeningStrategy.HorseCollar_0 days 00:32:48.063000,Player2.OpeningStrategy.HorseCollar_0 days 00:40:38.299000,Player2.OpeningStrategy.Wheelbarrow_0 days 00:19:40.728000,Player2.OpeningStrategy.Wheelbarrow_0 days 00:19:50.728000,Player2.OpeningStrategy.Wheelbarrow_0 days 00:19:53.952000,Player2.OpeningStrategy.Wheelbarrow_0 days 00:24:33.772000,Player2.OpeningStrategy.Wheelbarrow_0 days 00:24:53.508000,Player2.OpeningStrategy.Wheelbarrow_0 days 00:25:00.624000,Player2.OpeningStrategy.Wheelbarrow_0 days 00:25:05.883000,Player2.OpeningStrategy.Wheelbarrow_0 days 00:25:56.730000,Player2.OpeningStrategy.Wheelbarrow_0 days 00:28:01.605000,Player2.OpeningStrategy.Wheelbarrow_0 days 00:28:32.883000,Player2.OpeningStrategy.Wheelbarrow_0 days 00:29:11.607000,Player2.OpeningStrategy.Wheelbarrow_0 days 00:29:25.285000,Player2.OpeningStrategy.Wheelbarrow_0 days 00:32:25.258000,Player2.OpeningStrategy.Wheelbarrow_0 days 00:35:55.624000,Player2.OpeningStrategy.Wheelbarrow_0 days 00:36:11.202000,Player2.OpeningStrategy.Wheelbarrow_0 days 00:37:43.647000,Player2.OpeningStrategy.Wheelbarrow_0 days 00:38:24.987000,Player2.OpeningStrategy.Wheelbarrow_0 days 00:40:40.272000,Player2.OpeningStrategy.Wheelbarrow_0 days 00:41:42.188000,Player2.OpeningStrategy.Wheelbarrow_0 days 00:46:02.563000,Player2.OpeningStrategy.Wheelbarrow_0 days 00:48:20.230000,Player2.OpeningStrategy.Wheelbarrow_0 days 01:09:01.591000,Player2.MapAndCiv.Civilisation_Aztecs,Player2.MapAndCiv.Civilisation_Bengalis,Player2.MapAndCiv.Civilisation_Berbers,Player2.MapAndCiv.Civilisation_Ethiopians,Player2.MapAndCiv.Civilisation_Georgians,Player2.MapAndCiv.Civilisation_Italians,Player2.MapAndCiv.Civilisation_Khmer,Player2.MapAndCiv.Civilisation_Koreans,Player2.MapAndCiv.Civilisation_Magyars,Player2.MapAndCiv.Civilisation_Malay,Player2.MapAndCiv.Civilisation_Malians,Player2.MapAndCiv.Civilisation_Mongols,Player2.MapAndCiv.Civilisation_Portuguese,Player2.MapAndCiv.Civilisation_Shu,Player2.MapAndCiv.Civilisation_Sicilians,Player2.MapAndCiv.Civilisation_Spanish,Player2.MapAndCiv.Civilisation_Turks,Player2.MapAndCiv.Civilisation_Wei,Player2.MapAndCiv.Civilisation_Wu,"Player2.MapAndCiv.StartingLocation_(0, 0)","Player2.MapAndCiv.StartingLocation_(119.0, 80.0)","Player2.MapAndCiv.StartingLocation_(12.0, 103.0)","Player2.MapAndCiv.StartingLocation_(12.0, 95.0)","Player2.MapAndCiv.StartingLocation_(14.0, 65.0)","Player2.MapAndCiv.StartingLocation_(22.0, 33.0)","Player2.MapAndCiv.StartingLocation_(22.0, 54.0)","Player2.MapAndCiv.StartingLocation_(23.0, 58.0)","Player2.MapAndCiv.StartingLocation_(29.0, 81.0)","Player2.MapAndCiv.StartingLocation_(30.0, 37.0)","Player2.MapAndCiv.StartingLocation_(32.0, 38.0)","Player2.MapAndCiv.StartingLocation_(40.0, 91.0)","Player2.MapAndCiv.StartingLocation_(46.0, 92.0)","Player2.MapAndCiv.StartingLocation_(56.0, 36.0)","Player2.MapAndCiv.StartingLocation_(57.0, 36.0)","Player2.MapAndCiv.StartingLocation_(72.0, 27.0)","Player2.MapAndCiv.StartingLocation_(78.0, 89.0)","Player2.MapAndCiv.StartingLocation_(78.0, 93.0)","Player2.MapAndCiv.StartingLocation_(79.0, 91.0)","Player2.MapAndCiv.StartingLocation_(81.0, 26.0)","Player2.MapAndCiv.StartingLocation_(84.0, 146.0)","Player2.MapAndCiv.StartingLocation_(85.0, 84.0)","Player2.MapAndCiv.StartingLocation_(85.0, 88.0)","Player2.MapAndCiv.StartingLocation_(86.0, 89.0)","Player2.MapAndCiv.StartingLocation_(92.0, 29.0)","Player2.MapAndCiv.StartingLocation_(94.0, 56.0)","Player2.MapAndCiv.StartingLocation_(95.0, 74.0)","Player2.MapAndCiv.StartingLocation_(97.0, 60.0)",Player1.MainGold_Back,Player1.MainGold_Front,Player1.MainGold_Front Hill,Player1.ThirdGold_Back,Player1.ThirdGold_Unknown,Player1.SecondGold_Back,Player1.SecondGold_Unknown,Player1.Berries_Back,Player1.Berries_Unknown,Player1.Stone_Back,Player1.Stone_Unknown,Player2.MainGold_Back,Player2.MainGold_Front,Player2.MainGold_Front Hill,Player2.ThirdGold_Back,Player2.ThirdGold_Unknown,Player2.SecondGold_Back,Player2.SecondGold_Unknown,Player2.Berries_Back,Player2.Berries_Unknown,Player2.Stone_Back,Player2.Stone_Unknown
Barles_vs_TAG_Mihai06_G1.aoe2record,_Barles_,707.98,26,0,-1.0,0,0,707.98,0,0,0,0,0,-1.0,-1.0,-1.0,-1.0,-1.0,0.0,0.0,0.0,5.0,662.272,24,0,-1.0,0,0,662.272,0,0,0,0,0,-1.0,-1.0,-1.0,-1.0,-1.0,0.0,0.0,0.0,3.0,125.2078272313676,37,1.0,0.0,6.0,2.0,0.0,6.0,0,1,0,0,0,0,0,0,1,0,0,0,0,0,0,0,0,0,0,0,0,0,0,0,0,0,0,0,0,0,0,0,0,0,0,0,0,0,0,0,0,1,0,0,0,0,0,0,0,0,0,0,0,0,0,0,0,1,0,0,0,0,0,0,0,0,0,0,0,0,0,0,0,0,0,0,0,0,0,0,0,1,0,0,0,0,0,0,0,0,0,0,0,0,0,0,0,0,0,0,0,0,0,0,0,0,0,0,0,0,0,0,0,0,0,0,0,0,1,0,0,0,0,0,0,0,0,0,0,0,0,0,0,0,0,0,0,0,0,0,0,0,0,0,0,0,0,0,1,0,1,0,0,0,0,0,0,0,1,0,0,0,0,0,0,0,0,0,0,0,0,0,0,0,0,0,0,0,0,0,0,0,0,0,0,0,0,0,1,0,0,0,0,0,0,0,0,0,0,0,0,0,0,0,0,0,0,0,0,0,0,1,0,0,0,0,0,0,0,0,0,0,0,0,0,0,0,1,0,0,0,0,0,0,0,0,0,0,0,0,0,0,0,0,0,0,0,0,0,1,0,0,0,0,0,0,0,0,0,0,0,0,0,0,0,0,0,0,0,1,0,0,0,0,0,0,0,0,0,0,0,0,0,0,0,0,0,0,0,0,0,0,0,0,0,0,1,0,1,0,1,0,0,1,0,1,1,0,0,1,0,1,0,0,1,1,0
Barles_vs_TAG_Mihai06_G2.aoe2record,TAG_Mihai06,707.369,25,1,-1.0,0,0,707.369,0,0,0,0,0,-1.0,-1.0,-1.0,-1.0,-1.0,7.0,10.0,0.0,9.0,668.369,24,0,689.619,0,1,741.424,0,0,16,1,0,-1.0,-1.0,-1.0,-1.0,-1.0,0.0,0.0,0.0,12.0,0.0,-37,0.0,0.0,0.0,0.0,0.0,0.0,0,1,0,0,0,0,0,0,1,0,0,0,0,0,0,0,0,0,0,0,0,0,0,0,0,0,0,0,0,0,0,0,0,0,0,0,0,0,0,0,0,0,0,0,1,0,0,0,0,0,0,0,0,0,0,0,0,0,0,0,0,0,0,0,0,0,0,0,0,0,0,0,0,0,0,0,0,0,0,0,0,0,0,0,0,0,0,0,0,0,0,0,0,0,0,0,0,0,0,0,0,0,0,0,0,0,0,0,0,0,0,0,0,0,0,0,0,0,0,0,0,0,0,1,0,0,0,0,0,0,0,0,0,0,0,0,0,0,0,0,0,0,0,0,0,0,0,0,0,0,0,0,0,1,0,0,1,0,0,0,0,0,0,0,0,0,0,0,0,0,0,0,0,0,0,0,0,0,0,0,0,0,1,0,0,0,0,0,0,0,0,0,0,0,0,0,0,0,0,0,0,0,0,0,0,0,0,0,0,0,0,0,0,0,0,0,0,0,0,0,0,0,0,0,0,0,0,0,0,0,0,0,0,0,0,0,0,0,0,0,0,0,0,0,0,0,0,0,0,0,0,0,0,0,0,0,0,0,0,0,0,0,0,0,0,0,0,1,0,0,0,0,0,0,0,0,0,0,0,0,0,0,0,0,0,0,0,0,0,0,0,0,0,0,0,0,0,0,0,0,0,0,0,0,0,0,0,0,0,0,0,0,0,0,0,0,0
Barles_vs_TAG_Mihai06_G3.aoe2record,TAG_Mihai06,583.063,20,1,605.022,0,1,659.147,0,0,0,4,8,868.619,1078.147,-1.0,-1.0,-1.0,8.0,13.0,2.0,16.0,577.577,19,1,577.202,0,1,635.188,0,0,0,4,0,-1.0,-1.0,-1.0,-1.0,-1.0,0.0,0.0,0.0,8.0,87.14355971613737,-37,8.0,0.0,23.0,5.0,2.0,20.0,1,0,0,0,0,0,0,1,0,0,0,0,0,0,0,0,0,0,0,0,0,0,0,0,0,0,0,0,0,0,1,0,0,0,0,0,0,0,0,0,0,0,0,0,0,0,0,0,0,0,0,0,0,0,0,0,0,0,0,0,0,0,0,0,0,1,0,0,0,0,0,0,0,0,0,0,0,0,0,0,0,0,0,0,0,0,0,0,0,0,0,0,0,0,0,0,0,1,0,0,0,0,0,0,0,0,0,0,0,0,0,0,0,0,0,0,1,0,0,0,0,0,0,0,0,0,0,0,0,0,1,0,0,0,0,0,0,0,0,0,0,0,0,0,0,0,0,0,0,1,0,0,0,0,0,0,0,1,0,0,0,0,0,0,0,0,0,0,0,0,0,0,0,0,0,1,0,0,0,0,0,0,0,0,0,0,0,0,0,0,0,0,0,0,0,0,0,0,0,0,0,0,0,0,0,0,0,0,0,0,0,0,0,0,1,0,0,0,0,0,0,0,0,0,0,0,0,0,0,0,0,0,0,0,1,0,0,0,0,0,0,0,0,0,0,0,0,0,0,0,0,0,0,0,0,0,1,0,0,0,0,0,0,0,0,0,0,0,1,0,0,0,0,0,0,0,0,0,0,0,0,0,0,0,0,0,0,0,0,0,0,0,0,0,0,0,0,1,1,0,1,0,1,0,1,0,1,0,0,0,1,0,1,0,1,1,0
de-61.5.aoe2record,GL.Hera,529.438,17,1,527.438,0,0,573.022,0,0,0,0,38,677.48,730.702,865.772,981.563,1092.258,0.0,0.0,0.0,13.0,523.549,18,0,537.591,0,0,569.369,0,0,0,0,34,643.355,702.674,776.716,933.424,1162.744,0.0,0.0,0.0,16.0,76.57675887630658,53,0.0,1.0,2.0,0.0,2.0,4.0,1,0,0,0,0,0,0,1,0,0,0,0,0,0,0,0,0,0,1,0,0,0,0,0,0,0,0,0,0,0,0,0,0,0,0,0,0,0,0,0,0,0,0,0,0,0,0,0,0,0,1,0,0,0,0,0,0,0,0,0,0,0,0,0,0,0,0,0,0,0,0,0,0,0,0,0,0,0,0,0,0,0,0,0,0,0,0,0,0,0,0,0,0,0,0,0,0,0,0,0,0,0,0,0,0,0,0,0,0,0,0,0,0,0,0,0,0,1,0,0,0,0,0,0,0,0,1,0,0,0,0,0,0,0,0,0,0,0,0,0,0,0,0,0,0,0,0,0,0,1,0,0,0,0,0,0,0,1,0,0,0,0,0,0,0,0,1,0,0,0,0,0,0,0,0,0,0,0,0,0,0,0,0,0,0,0,0,0,0,0,0,0,0,0,0,0,0,0,0,1,0,0,0,0,0,0,0,0,0,0,0,0,0,0,0,0,0,0,0,0,0,0,0,0,0,0,0,0,0,0,1,0,0,0,0,0,0,0,0,0,0,0,0,0,0,0,0,0,0,0,0,0,0,0,0,0,0,0,0,0,0,0,1,0,0,0,0,0,0,0,0,0,0,0,0,0,0,0,0,0,0,0,0,0,0,0,1,0,0,0,0,0,0,0,0,0,1,0,1,0,1,0,1,0,1,0,1,0,0,0,1,1,0,0,1,1,0
de-62.0.aoe2record,Mars_zZ,557.171,19,1,426.357,0,1,658.714,0,0,0,0,11,689.904,902.927,1015.556,-1.0,-1.0,0.0,27.0,0.0,5.0,510.621,17,1,501.972,0,1,553.458,0,0,0,0,0,-1.0,-1.0,-1.0,-1.0,-1.0,0.0,0.0,0.0,10.0,74.33034373659252,28,1.0,2.0,4.0,0.0,2.0,4.0,1,0,0,0,0,0,1,0,0,0,0,0,0,0,0,0,0,0,0,0,0,0,0,0,0,0,0,0,0,0,0,0,0,0,0,0,0,0,0,0,0,0,0,0,0,0,0,1,0,0,0,0,1,0,0,0,0,0,0,0,0,0,0,0,0,0,0,0,0,0,0,0,0,0,0,0,0,0,0,0,0,0,0,0,0,0,0,0,0,0,0,0,0,0,0,0,0,0,0,0,0,0,0,0,0,0,0,1,0,0,0,0,0,0,0,0,0,0,0,0,0,0,0,0,0,0,0,0,0,0,0,0,0,0,0,0,0,1,0,0,0,0,0,0,0,0,0,0,0,1,0,0,0,0,0,0,1,0,0,0,0,0,0,0,0,0,0,0,0,0,0,0,0,0,0,0,0,0,0,0,0,0,0,0,0,0,0,0,0,0,0,0,0,0,0,0,0,0,0,0,0,0,0,0,0,0,0,0,0,0,0,0,0,0,0,0,0,0,0,0,0,0,0,0,0,0,0,0,0,0,0,0,0,0,0,0,0,0,0,0,0,0,0,0,0,0,0,0,0,0,0,1,0,0,0,0,0,0,0,0,0,0,0,0,0,0,0,0,0,0,0,0,0,0,0,0,0,0,0,0,0,0,0,0,0,0,0,0,0,0,1,0,0,0,0,0,1,0,1,0,0,1,1,0,1,0,0,1,0,1,0,1,0,0,1,1,0
de-63.0.aoe2record,Original AI,796.584,28,1,-1.0,0,0,796.584,0,0,0,0,0,-1.0,-1.0,-1.0,-1.0,-1.0,0.0,0.0,0.0,1.0,622.621,21,1,942.651,0,0,622.621,0,0,0,0,4,787.724,-1.0,-1.0,-1.0,-1.0,0.0,0.0,0.0,2.0,125.32358118087753,-237,0.0,0.0,6.0,1.0,0.0,3.0,0,1,0,0,0,0,0,0,1,0,0,0,0,0,0,0,0,0,0,0,0,0,0,0,0,0,0,0,0,0,0,0,0,0,0,0,0,0,0,0,0,0,0,0,0,0,1,0,0,0,0,0,0,0,0,0,0,0,0,0,0,0,0,0,0,0,0,0,0,0,0,0,0,0,0,0,0,0,0,0,0,0,0,0,0,0,0,0,0,0,0,0,0,0,0,0,0,0,0,0,0,0,0,0,0,0,0,0,0,0,0,0,0,0,0,1,0,0,0,0,0,0,0,0,0,0,0,0,0,0,0,0,0,0,0,0,0,0,0,0,0,0,0,1,0,0,0,0,0,1,0,0,0,0,0,0,0,0,1,0,0,0,0,0,0,0,0,0,0,0,0,0,0,0,0,0,0,0,0,0,0,0,0,0,0,0,0,0,0,0,0,0,0,1,0,0,0,0,0,0,0,0,0,0,0,0,0,0,0,0,0,0,0,0,0,0,0,0,0,0,0,0,0,0,0,0,0,0,0,0,0,0,0,0,0,0,0,0,0,0,0,0,0,0,0,0,0,0,1,0,0,0,0,0,0,0,0,0,0,0,0,0,0,0,0,0,0,0,0,0,0,0,0,0,0,0,0,0,0,0,0,0,0,0,0,0,0,1,0,0,0,0,0,0,0,1,0,0,1,0,0,1,0,1,1,0,0,1,0,0,1,0,1,0,1,1,0
de-64.3.aoe2record,Beargwyn,625.924,21,1,617.827,0,0,725.883,0,0,0,0,20,742.48,775.994,831.452,1256.605,1292.758,0.0,0.0,0.0,4.0,620.633,21,1,648.897,0,1,836.091,0,0,0,0,13,896.049,960.022,1115.633,-1.0,-1.0,0.0,0.0,0.0,8.0,88.23831367382311,-90,4.0,0.0,13.0,4.0,0.0,11.0,1,0,0,0,0,0,0,1,0,0,0,0,0,0,0,0,0,0,0,0,0,0,0,0,0,0,0,0,0,0,0,0,0,0,1,0,0,0,0,0,0,0,0,0,0,0,0,0,0,0,0,0,0,1,0,0,0,0,0,0,0,0,0,0,0,0,0,0,0,0,0,0,0,0,0,0,0,1,0,0,0,0,0,0,0,0,0,0,0,0,0,0,0,0,0,0,0,0,0,0,0,0,0,0,0,0,1,0,0,0,0,0,0,0,0,0,0,0,0,0,0,0,0,0,0,0,0,0,0,0,0,0,0,1,0,0,0,0,0,0,0,0,0,0,0,0,0,0,0,1,0,0,0,0,0,0,1,0,0,0,0,0,0,0,0,0,0,0,0,0,0,0,0,0,0,0,0,1,0,0,0,0,0,0,0,0,0,0,0,0,0,0,0,0,0,0,0,0,0,0,0,0,1,0,0,0,0,0,0,0,0,0,0,0,0,0,0,0,0,0,0,0,0,0,0,0,0,0,0,0,0,0,0,0,0,1,0,0,0,0,0,0,0,0,0,0,0,0,1,0,0,0,0,0,0,0,0,0,0,0,0,0,0,0,0,0,0,0,0,0,0,0,0,0,0,0,0,0,0,0,0,0,0,0,0,0,0,0,0,0,0,1,0,0,0,1,0,0,1,0,1,0,0,1,1,0,0,0,1,0,1,0,1,0,1,1,0
de-66.3.aoe2record,GL.Hera,573.45166667,21,1,526.216,0,0,619.549,0,0,13,4,15,678.299,717.702,868.918,1039.886,-1.0,5.0,37.0,0.0,9.0,548.743,19,0,-1.0,0,0,604.924,0,4,0,0,17,599.396,667.327,727.043,883.446,-1.0,0.0,17.0,0.0,5.0,80.52949770115296,53,1.0,1.0,7.0,2.0,0.0,5.0,0,0,0,1,0,0,0,1,0,0,0,0,0,0,0,0,0,0,0,0,0,0,0,0,0,0,0,1,0,0,0,0,0,0,0,0,0,0,0,0,0,0,0,0,0,0,0,0,0,0,0,1,0,0,0,0,0,0,0,0,0,0,0,0,0,0,0,0,0,0,0,0,0,0,0,0,0,0,0,0,0,0,0,0,0,0,0,0,0,0,0,0,0,0,1,0,0,0,0,0,0,0,0,0,0,0,0,0,0,0,0,0,0,1,0,0,0,0,0,0,0,0,0,0,0,0,0,0,0,0,0,0,0,0,0,0,0,0,0,0,0,0,0,0,1,0,0,0,0,0,0,0,1,0,0,0,0,1,0,0,0,0,0,0,0,0,0,0,0,0,1,0,0,0,0,0,0,0,0,0,0,0,0,0,0,0,0,0,0,0,0,0,0,0,0,0,0,0,1,0,0,0,0,0,0,0,0,0,0,0,0,0,0,0,0,0,0,0,0,0,0,0,0,0,0,0,0,0,0,0,0,0,0,0,0,0,1,0,0,0,0,0,0,0,0,0,0,0,0,0,0,0,0,0,1,0,0,0,0,0,0,0,0,0,0,0,0,0,0,0,0,0,1,0,0,0,0,0,0,0,0,0,0,0,0,0,0,0,0,0,0,0,0,0,0,0,1,0,0,1,1,0,0,1,1,0,0,1,0,1,0,0,1,1,0,1,0
de-66.6.aoe2record,_LY_抖音肥龙,698.883,25,0,662.147,0,0,737.424,0,0,0,0,3,828.605,-1.0,-1.0,-1.0,-1.0,0.0,0.0,0.0,1.0,632.424,23,0,-1.0,0,0,632.424,0,0,0,0,0,-1.0,-1.0,-1.0,-1.0,-1.0,0.0,0.0,0.0,0.0,83.81527307120105,494,0.0,0.0,3.0,0.0,1.0,1.0,0,1,0,0,0,0,0,1,0,1,0,0,0,0,0,0,0,0,0,0,0,0,0,0,0,0,0,0,0,0,0,0,0,0,0,0,0,0,0,0,0,0,0,0,0,0,0,0,0,1,0,0,0,0,0,0,0,0,0,0,0,0,0,0,0,0,0,0,0,0,0,0,0,0,0,1,0,0,0,0,0,0,0,0,0,0,0,0,0,0,0,0,0,0,0,0,0,0,0,0,0,0,0,0,0,1,0,0,0,0,0,0,0,0,0,0,0,0,0,0,0,0,0,0,0,0,0,0,0,0,0,0,0,0,0,0,0,0,0,0,0,0,0,0,0,1,0,0,0,1,0,0,0,0,0,0,0,0,1,0,0,0,0,0,0,0,0,0,0,0,0,0,0,0,0,0,0,0,0,0,0,0,0,0,0,1,0,0,0,0,0,0,0,0,0,0,0,0,0,0,0,0,0,0,0,0,0,0,0,0,0,0,0,0,0,0,0,0,0,0,0,0,0,0,0,0,0,0,0,0,0,0,1,0,0,0,0,0,0,0,0,0,0,0,0,0,0,0,0,0,0,0,0,0,0,0,0,0,0,0,0,0,0,0,1,0,0,0,0,0,0,1,0,0,0,0,0,0,0,0,0,0,0,0,0,0,0,0,0,0,0,0,0,0,0,0,1,0,1,0,1,0,0,1,0,1,1,0,0,0,1,1,0,0,1,1,0
Hearttt_vs_Nicov_G2.aoe2record,Hearttt,559.091,19,1,454.105,3,1,559.091,0,0,0,0,0,-1.0,-1.0,-1.0,-1.0,-1.0,0.0,0.0,0.0,6.0,617.188,21,1,-1.0,0,0,617.188,0,0,0,0,0,-1.0,-1.0,-1.0,-1.0,-1.0,3.0,0.0,0.0,4.0,75.0,35,1.0,0.0,3.0,0.0,1.0,4.0,1,0,0,0,0,1,0,0,1,0,0,0,0,0,0,0,0,0,0,0,0,0,0,0,1,0,0,0,0,0,0,0,0,0,0,0,0,0,0,0,0,0,0,0,0,0,0,0,0,0,0,0,0,0,0,0,0,0,0,0,0,0,0,0,0,0,0,0,1,0,0,0,0,0,0,0,0,0,0,0,0,0,0,0,0,0,0,0,1,0,0,0,0,0,0,0,0,0,0,0,0,0,0,0,0,0,0,0,0,0,0,0,0,0,0,0,0,0,0,0,0,0,1,0,0,0,0,1,0,0,0,0,0,0,0,0,0,0,0,0,0,0,0,0,0,0,0,0,0,1,0,0,0,0,0,0,0,0,1,0,0,0,0,0,0,0,0,0,0,0,0,0,0,0,0,0,0,0,0,0,0,0,0,0,0,0,0,0,0,0,0,0,1,0,0,0,0,0,0,0,0,0,0,0,0,0,0,0,0,0,0,0,0,0,0,0,0,0,1,0,0,0,0,0,0,0,0,0,0,0,0,1,0,0,0,0,0,0,0,0,0,0,0,0,0,0,0,0,0,0,0,0,1,0,0,0,0,0,0,0,0,0,0,0,0,0,0,0,0,0,0,0,0,0,0,0,0,0,0,0,0,0,0,0,0,0,0,0,0,1,0,0,0,0,0,1,0,0,0,1,1,0,1,0,1,0,0,1,0,1,0,0,1,0,1,1,0
Hearttt_vs_SalzZ_classicpro_G1.aoe2record,Hearttt,551.577,18,1,1219.335047619,0,0,1272.557047619,0,0,0,0,11,1098.251714286,1277.291285714,1300.778714286,-1.0,-1.0,0.0,4.0,0.0,12.0,548.743,18,1,1140.466,0,0,1176.118,0,0,0,1,6,917.382,990.91,-1.0,-1.0,-1.0,0.0,0.0,1.0,4.0,69.33974329343886,244,1.0,0.0,10.0,4.0,1.0,7.0,1,0,0,0,0,0,0,1,0,0,0,0,0,0,0,0,0,0,0,0,0,1,0,0,0,0,0,0,0,0,0,0,0,0,0,0,0,0,0,0,0,0,0,0,0,0,0,0,0,0,0,0,0,0,0,0,1,0,0,0,0,0,0,0,0,0,0,0,0,0,0,0,0,0,0,0,0,0,0,0,0,0,0,0,0,0,0,0,0,0,0,0,0,0,0,0,0,0,0,1,0,0,0,0,0,0,0,0,0,0,0,0,0,0,0,0,0,0,0,1,0,0,0,0,0,0,0,0,0,0,0,0,0,0,0,0,0,0,0,0,1,0,0,0,0,0,0,0,0,1,0,0,0,0,0,0,0,1,0,0,0,0,0,0,0,0,0,1,0,0,0,0,0,0,0,0,0,0,0,0,0,0,0,0,0,0,0,0,0,0,0,0,0,0,0,0,0,0,0,0,0,0,0,0,0,0,0,1,0,0,0,0,0,0,0,0,0,0,0,0,0,0,0,0,0,0,0,0,0,0,0,0,0,0,0,0,0,0,0,0,1,0,0,0,0,0,0,0,0,0,0,0,0,1,0,0,0,0,0,0,0,0,0,0,0,0,0,0,0,0,0,0,0,0,0,1,0,0,0,0,0,0,0,0,0,0,0,0,0,0,0,0,0,0,0,1,0,0,0,1,0,1,1,0,1,0,1,0,0,1,0,1,0,1,0,1,0
Hearttt_vs_SalzZ_classicpro_G2.aoe2record,Hearttt,562.07666667,22,0,529.993,1,1,610.521,0,6,14,1,2,-1.0,-1.0,-1.0,-1.0,-1.0,6.0,2.0,0.0,9.0,565.396,19,1,486.618,2,1,629.007,0,13,9,1,1,-1.0,-1.0,-1.0,-1.0,-1.0,0.0,23.0,0.0,12.0,66.06814663663572,244,1.0,1.0,5.0,0.0,2.0,4.0,0,0,1,0,0,1,1,0,0,0,0,0,0,0,0,0,0,0,0,0,0,0,0,1,0,0,0,0,0,0,0,0,0,0,0,0,0,0,0,0,0,0,0,0,0,0,0,0,0,0,0,0,0,0,0,0,0,0,0,0,0,1,0,0,0,0,0,0,0,0,0,0,0,0,0,0,0,0,0,0,0,0,0,0,0,0,0,0,0,0,0,0,0,0,0,0,0,0,0,0,0,0,1,0,0,0,0,0,0,0,0,0,0,1,0,0,0,0,0,0,0,0,0,0,0,0,0,0,0,0,0,0,0,0,0,1,0,0,0,0,0,0,0,0,0,0,0,0,0,0,0,1,0,0,0,1,1,0,0,0,0,0,0,0,0,0,0,0,0,0,0,0,0,0,0,0,0,0,0,0,0,0,0,0,0,0,0,0,0,1,0,0,0,0,0,0,0,0,0,0,0,0,0,0,0,0,0,0,0,0,0,0,0,0,0,0,0,0,0,0,0,0,1,0,0,0,0,0,0,0,0,0,0,0,0,0,0,1,0,0,0,0,0,0,0,0,0,0,0,0,0,0,0,0,0,0,0,0,0,0,0,1,0,0,0,0,0,0,0,0,0,0,0,0,0,0,0,0,0,1,0,0,0,0,0,0,0,0,0,0,0,0,0,0,0,0,1,0,1,0,1,0,1,0,1,0,0,1,0,1,0,1,0,0,1,1,0
Hera vs Hearttt G2.aoe2record,GL.Hera,581.23,20,1,482.744,3,1,855.577,0,0,1,0,0,-1.0,-1.0,-1.0,-1.0,-1.0,11.0,7.0,0.0,11.0,552.591,18,1,463.855,3,1,641.188,0,6,2,0,7,918.799,1050.522,-1.0,-1.0,-1.0,15.0,21.0,0.0,4.0,68.79680225126747,-31,2.0,0.0,7.0,1.0,1.0,5.0,0,0,1,0,0,1,1,0,0,0,0,0,0,0,0,0,0,0,0,0,0,0,0,0,0,0,0,0,0,0,0,1,0,0,0,0,0,0,0,0,0,0,0,0,0,0,0,0,0,0,0,0,0,0,0,0,0,0,0,0,0,0,0,0,0,0,0,0,0,0,0,0,0,0,0,0,0,0,0,0,0,0,0,0,0,1,0,0,0,0,0,0,0,0,0,0,0,0,0,0,0,0,0,0,0,0,0,0,0,0,0,0,0,0,1,0,0,0,0,0,0,0,0,0,0,0,0,0,1,0,0,0,0,0,0,0,0,0,0,0,0,0,0,0,0,0,0,0,0,0,0,1,0,0,0,1,1,0,0,0,0,0,0,0,0,0,0,0,1,0,0,0,0,0,0,0,0,0,0,0,0,0,0,0,0,0,0,0,0,0,0,0,0,0,0,0,0,0,0,0,0,0,0,0,0,0,0,0,0,0,0,0,0,0,0,0,0,0,0,0,0,0,0,0,0,0,0,0,0,0,0,0,0,1,0,0,0,0,0,0,0,0,0,0,0,0,0,0,0,0,0,0,1,0,0,0,0,0,0,0,0,0,0,0,0,0,0,0,0,0,0,0,0,0,0,0,0,0,0,0,0,0,0,0,0,0,0,0,1,0,0,0,0,0,0,1,0,0,1,0,1,0,0,1,1,0,0,1,0,1,0,1,0,1,0,0,1
Hera vs TheViper G1.aoe2record,GL.Hera,554.619,18,1,568.466,0,1,609.799,0,0,11,0,3,1043.880571429,-1.0,-1.0,-1.0,-1.0,15.0,0.0,0.0,5.0,571.48,19,1,485.799,2,1,727.105,0,1,1,0,9,858.063,917.98,-1.0,-1.0,-1.0,2.0,2.0,0.0,14.0,73.824115301167,-102,1.0,0.0,8.0,2.0,0.0,6.0,0,0,0,0,1,0,1,0,0,0,0,0,0,0,0,0,0,0,0,1,0,0,0,0,0,0,0,0,0,0,0,0,0,0,0,0,0,0,0,0,0,0,0,0,0,0,0,0,0,0,0,0,0,0,0,0,0,0,1,0,0,0,0,0,0,0,0,0,0,0,0,0,0,0,0,0,0,0,0,0,0,0,0,0,1,0,0,0,0,0,0,0,0,0,0,0,0,0,0,0,0,0,0,0,0,0,0,0,0,0,0,0,0,0,1,0,0,0,0,0,0,0,0,0,0,0,0,0,0,0,0,0,0,0,1,0,0,0,0,0,0,0,0,0,0,0,0,0,0,0,0,1,0,0,0,1,1,0,0,0,0,0,0,0,0,0,0,0,0,0,0,0,0,0,0,0,0,0,0,0,0,0,0,0,0,0,0,0,0,0,0,0,0,0,0,0,1,0,0,0,0,1,0,0,0,0,0,0,0,0,0,0,0,0,0,0,0,0,0,0,0,0,0,0,0,0,0,0,0,0,0,0,0,0,0,0,0,0,0,0,0,0,0,0,0,0,0,0,0,0,0,0,0,0,0,0,0,0,0,1,0,0,0,0,0,0,0,0,0,0,0,0,0,0,0,0,0,0,0,0,0,0,0,0,0,1,0,0,0,0,0,0,0,0,0,0,1,0,1,0,1,0,1,0,0,1,1,0,0,1,0,0,1,1,0,1,0
Hera vs TheViper G2.aoe2record,GL.TheViper,750.243,26,1,-1.0,0,0,750.243,0,0,0,0,0,-1.0,-1.0,-1.0,-1.0,-1.0,0.0,0.0,1.0,4.0,726.063,25,1,-1.0,0,0,726.063,0,0,0,0,0,-1.0,-1.0,-1.0,-1.0,-1.0,0.0,0.0,0.0,3.0,0.0,102,0.0,0.0,0.0,0.0,0.0,0.0,0,1,0,0,0,0,0,0,1,0,0,0,0,0,0,0,0,0,0,0,0,0,0,0,0,0,0,0,0,0,0,0,0,0,0,0,0,0,0,0,0,0,0,1,0,0,0,0,0,0,0,0,0,0,0,0,0,0,0,0,0,0,0,0,0,0,0,0,0,0,0,0,0,0,0,0,0,0,0,0,0,0,0,0,0,0,0,0,0,0,0,0,1,0,0,0,0,0,0,0,0,0,0,0,0,0,0,0,0,0,0,0,0,0,0,0,0,0,0,0,0,0,0,1,0,0,0,0,0,0,0,0,0,0,0,0,0,0,0,0,0,0,0,0,0,0,0,0,0,0,1,0,0,0,0,0,0,0,1,0,0,0,0,0,0,0,0,0,0,0,0,0,0,0,0,0,0,0,0,0,0,0,0,0,0,0,0,0,0,0,0,1,0,0,0,0,0,0,0,0,0,0,0,0,0,0,0,0,0,0,0,0,0,0,0,0,0,0,0,0,0,0,0,0,0,0,0,0,0,0,0,0,0,0,0,0,0,0,0,0,0,0,0,0,0,0,0,0,0,0,0,0,0,0,0,0,0,0,0,0,0,0,0,0,0,0,0,1,0,0,0,0,0,0,0,0,0,0,0,0,0,0,0,0,0,0,0,0,0,0,0,0,0,0,0,0,0,0,0,0,0,0,0,0,0,0,0,0,0,0,0,0,0,0,0,0,0
Hera vs TheViper G3.aoe2record,GL.Hera,659.022,23,1,-1.0,0,0,659.022,0,0,0,0,0,-1.0,-1.0,-1.0,-1.0,-1.0,0.0,0.0,0.0,4.0,577.174,20,1,489.744,3,1,692.369,0,0,5,1,3,962.272,-1.0,-1.0,-1.0,-1.0,0.0,0.0,0.0,5.0,74.06078584514209,-102,1.0,0.0,3.0,1.0,1.0,3.0,0,1,0,0,0,0,0,0,1,0,0,0,0,0,0,0,0,0,0,0,0,0,0,0,0,0,0,0,0,0,0,0,0,0,0,0,1,0,0,0,0,0,0,0,0,0,0,0,0,0,0,0,0,0,0,0,0,0,0,0,0,0,0,0,0,0,0,0,0,0,0,0,0,0,1,0,0,0,0,0,0,0,0,0,0,0,0,0,0,0,0,0,0,0,0,0,0,0,0,0,0,0,0,0,1,0,0,0,0,0,0,0,0,0,0,0,0,0,0,0,0,0,0,0,0,0,0,0,0,0,0,0,1,0,0,0,0,0,0,0,0,0,0,0,0,0,0,0,0,0,0,1,0,0,0,1,1,0,0,0,0,0,0,0,0,0,0,0,0,0,0,1,0,0,0,0,0,0,0,0,0,0,0,0,0,0,0,0,0,0,0,0,0,0,0,0,0,0,0,0,0,0,0,0,0,0,1,0,0,0,0,0,0,0,0,0,0,0,0,0,0,0,0,0,0,0,0,0,0,0,0,0,0,0,0,0,0,0,0,1,0,0,0,0,0,0,0,0,0,0,0,0,0,0,0,0,0,0,0,0,1,0,0,0,0,0,0,0,0,0,0,0,0,0,0,0,0,0,0,0,0,0,0,0,0,0,0,0,0,0,0,0,0,1,0,1,0,0,1,0,1,0,0,1,1,0,0,1,0,0,1,1,0,0,1,1,0
Hera vs TheViper G4.aoe2record,GL.TheViper,418.223,14,0,-1.0,0,0,418.223,0,0,0,0,0,-1.0,-1.0,-1.0,-1.0,-1.0,0.0,0.0,0.0,5.0,373.334,12,0,-1.0,0,0,373.334,0,0,0,0,0,-1.0,-1.0,-1.0,-1.0,-1.0,0.0,0.0,0.0,16.0,0.0,102,0.0,0.0,0.0,0.0,0.0,0.0,1,0,0,0,0,0,0,0,1,0,0,0,0,0,0,1,0,0,0,0,0,0,0,0,0,0,0,0,0,0,0,0,0,0,0,0,0,0,0,0,0,0,0,0,0,0,0,0,0,0,0,0,0,0,0,0,0,0,0,0,0,0,0,0,0,0,0,0,0,0,0,0,0,0,0,0,0,0,0,0,0,0,0,0,0,0,0,0,0,0,0,0,0,0,0,0,0,0,0,0,0,0,0,0,0,0,0,0,0,0,0,0,0,0,0,0,0,0,0,0,0,0,0,1,0,0,0,0,0,0,0,0,0,0,0,0,0,0,0,0,0,0,0,0,0,0,0,0,0,1,0,0,0,0,0,0,0,0,1,0,0,0,1,0,0,0,0,0,0,0,0,0,0,0,0,0,0,0,0,0,0,0,0,0,0,0,0,0,0,0,0,0,0,0,0,0,0,0,0,0,0,0,0,0,0,0,0,0,0,0,0,0,0,0,0,0,0,0,0,0,0,0,0,0,0,0,0,0,0,0,0,0,0,0,0,0,0,0,0,0,0,0,0,0,0,0,0,0,0,0,0,0,0,0,0,0,0,0,0,0,0,0,0,0,0,0,0,1,0,0,0,0,0,0,0,0,0,0,0,0,0,0,0,0,0,0,0,0,0,0,0,0,0,0,0,0,0,0,0,0,0,0,0,0,0,0,0,0,0,0,0,0,0,0,0,0,0
Hera vs TheViper G5.aoe2record,GL.Hera,553.605,18,1,467.716,2,1,553.605,0,0,0,0,0,-1.0,-1.0,-1.0,-1.0,-1.0,2.0,9.0,0.0,8.0,562.27166667,21,1,517.077,1,1,648.897,0,0,2,0,3,956.383,-1.0,-1.0,-1.0,-1.0,0.0,4.0,0.0,6.0,66.76076692189807,-102,1.0,2.0,6.0,1.0,0.0,8.0,1,0,0,0,0,1,0,0,1,0,0,0,0,0,0,0,0,0,0,0,1,0,0,0,0,0,0,0,0,0,0,0,0,0,0,0,0,0,0,0,0,0,0,0,0,0,0,0,0,0,0,0,0,0,0,0,0,0,0,0,0,0,0,0,0,0,0,0,0,0,0,0,0,0,0,0,0,0,0,0,0,0,0,0,0,0,0,1,0,0,0,0,0,0,0,0,0,0,0,0,0,0,0,0,0,0,0,0,0,0,0,1,0,0,0,0,0,0,0,0,0,0,0,0,0,0,0,0,0,0,0,0,0,0,0,0,1,0,0,0,0,0,0,0,0,0,0,0,0,0,0,1,0,0,0,1,1,0,0,0,0,0,0,0,0,0,0,0,0,0,0,0,1,0,0,0,0,0,0,0,0,0,0,0,0,0,0,0,0,0,0,0,0,0,0,0,0,0,0,0,0,0,0,0,0,0,0,0,0,0,0,0,1,0,0,0,0,0,0,0,0,0,0,0,0,0,0,0,0,0,0,0,0,0,0,0,0,0,0,0,0,0,0,0,0,0,0,0,0,0,0,0,0,0,0,0,0,1,0,0,0,0,0,0,0,0,0,0,0,0,0,0,0,0,0,0,0,0,0,0,0,0,0,1,0,0,0,0,0,0,0,0,0,0,0,0,1,0,1,0,1,0,0,1,1,0,0,1,0,1,0,1,0,1,0,1,0
Hera vs Vinchester G3.aoe2record,Oni.Vinchester,510.27166667,18,1,734.619,0,1,863.813,0,0,11,0,7,1106.688,1176.758,-1.0,-1.0,-1.0,0.0,0.0,0.0,23.0,601.549,20,1,504.108538462,3,1,601.549,0,0,0,0,4,1105.254461538,-1.0,-1.0,-1.0,-1.0,11.0,1.0,0.0,14.0,71.40028011149536,258,1.0,2.0,8.0,2.0,0.0,9.0,0,0,0,0,1,0,1,0,0,0,0,0,0,0,0,0,0,1,0,0,0,0,0,0,0,0,0,0,0,0,0,0,0,0,0,0,0,0,0,0,0,0,0,0,0,0,0,0,0,0,0,0,0,0,0,0,0,0,0,0,0,0,0,0,0,0,0,1,0,0,0,0,0,0,0,0,0,0,0,0,0,0,0,0,0,0,0,0,0,0,0,0,0,0,0,0,0,0,0,0,1,0,0,0,0,0,0,0,0,0,0,0,0,1,0,0,0,0,0,0,0,0,0,0,0,0,0,0,0,0,0,0,0,0,0,0,0,0,0,0,0,0,1,0,0,0,0,0,0,1,0,0,0,0,0,1,0,0,1,0,0,0,0,0,0,0,0,0,0,0,0,0,0,0,0,0,0,0,0,0,0,0,0,0,0,0,0,0,0,0,0,0,0,0,1,0,0,0,0,0,0,0,0,0,0,0,0,0,0,0,1,0,0,0,0,0,0,0,0,0,0,0,0,0,0,0,0,0,0,0,0,0,0,0,0,0,0,0,0,0,0,1,0,0,0,0,0,0,0,0,0,0,0,0,0,0,0,0,0,0,0,0,0,1,0,0,0,0,0,0,0,0,0,0,0,0,1,0,0,0,0,0,0,0,0,0,0,0,0,0,0,0,0,0,0,1,0,0,0,1,1,0,1,0,1,0,1,0,0,1,0,1,0,1,0,1,0
Hera vs Vinchester G4.aoe2record,GL.Hera,634.257,22,1,-1.0,0,0,634.257,0,0,0,0,0,-1.0,-1.0,-1.0,-1.0,-1.0,0.0,0.0,0.0,2.0,653.952,22,1,-1.0,0,0,653.952,0,0,0,0,0,-1.0,-1.0,-1.0,-1.0,-1.0,0.0,0.0,0.0,3.0,59.4138031100518,-258,1.0,1.0,3.0,0.0,0.0,5.0,1,0,0,0,0,0,0,0,1,0,0,0,0,0,0,0,0,0,0,0,0,0,0,0,0,0,0,0,0,0,0,0,0,0,0,0,0,0,1,0,0,0,0,0,0,0,0,0,0,0,0,0,0,0,0,0,0,0,0,1,0,0,0,0,0,0,0,0,0,0,0,0,0,0,0,0,0,0,0,0,1,0,0,0,0,0,0,0,0,0,0,0,0,0,0,0,0,0,0,0,0,0,0,0,0,0,0,0,0,0,1,0,0,0,0,0,0,0,0,0,0,0,0,0,0,0,0,0,0,0,0,0,0,0,0,0,0,0,1,0,0,0,0,0,0,0,0,0,0,0,1,0,0,0,0,0,0,0,1,0,0,0,0,0,0,0,0,0,0,0,0,0,0,0,0,0,0,0,0,0,0,0,0,0,0,0,1,0,0,0,0,0,0,0,0,0,0,0,0,0,0,0,0,0,0,0,0,0,1,0,0,0,0,0,0,0,0,0,0,0,0,0,0,0,0,0,0,0,1,0,0,0,0,0,0,0,0,0,0,0,0,0,0,0,0,0,0,0,0,1,0,0,0,0,0,0,0,0,0,0,0,0,0,0,0,0,0,0,0,0,0,0,0,1,0,0,0,0,0,0,0,0,0,0,0,0,0,0,0,0,0,0,0,0,0,1,0,0,1,0,1,0,0,1,1,0,0,1,0,0,1,1,0,1,0,1,0
Hera vs Vinchester G5.aoe2record,GL.Hera,414.258,13,1,-1.0,0,0,414.258,0,0,0,0,0,-1.0,-1.0,-1.0,-1.0,-1.0,0.0,0.0,1.0,10.0,415.48,14,0,-1.0,0,0,415.48,0,0,0,0,0,-1.0,-1.0,-1.0,-1.0,-1.0,6.0,0.0,0.0,6.0,0.0,-258,0.0,0.0,0.0,0.0,0.0,0.0,1,0,0,0,0,0,0,0,1,0,0,0,0,0,1,0,0,0,0,0,0,0,0,0,0,0,0,0,0,0,0,0,0,0,0,0,0,0,0,0,0,0,0,0,0,0,0,0,0,0,0,0,0,0,0,0,0,0,0,0,0,0,0,0,0,0,0,0,0,0,0,0,0,1,0,0,0,0,0,0,0,0,0,0,0,0,0,0,0,0,0,0,0,0,0,1,0,0,0,0,0,0,0,0,0,0,0,0,0,0,0,0,0,0,0,0,0,0,0,0,0,0,0,1,0,0,0,0,0,0,0,0,0,0,0,0,0,0,0,0,0,0,0,0,0,0,0,0,0,1,0,0,0,0,0,0,0,0,1,0,0,0,0,1,0,0,0,0,0,0,0,0,0,0,0,0,0,0,0,0,0,0,0,0,0,0,0,0,0,0,0,0,0,0,0,0,0,0,0,0,0,0,0,0,0,0,0,0,0,0,0,0,0,0,0,0,0,0,0,0,0,0,0,0,0,1,0,0,0,0,0,0,0,0,0,0,0,0,0,0,0,0,0,1,0,0,0,0,0,0,0,0,0,0,0,0,0,0,0,0,0,0,0,0,0,0,0,1,0,0,0,0,0,0,0,0,0,0,0,0,0,0,0,0,0,0,0,0,0,0,0,0,0,0,0,0,0,0,0,0,0,0,0,0,0,0,0,0,0,0,0,0,0,0,0,0,0
Liereyy vs Hearttt G2.aoe2record,Hearttt,679.341,24,0,-1.0,0,0,679.341,0,0,0,0,0,-1.0,-1.0,-1.0,-1.0,-1.0,0.0,0.0,0.0,4.0,662.48,24,0,-1.0,0,0,662.48,0,0,0,0,0,-1.0,-1.0,-1.0,-1.0,-1.0,0.0,0.0,0.0,9.0,0.0,195,0.0,0.0,0.0,0.0,0.0,0.0,0,1,0,0,0,0,0,0,1,0,0,0,0,0,0,0,0,0,0,0,0,0,0,0,0,0,0,0,0,0,0,0,0,0,0,0,0,1,0,0,0,0,0,0,0,0,0,0,0,0,0,0,0,0,0,0,0,0,0,0,0,0,0,0,0,0,0,0,0,0,0,0,0,0,0,0,0,0,0,0,0,0,0,0,0,0,0,0,0,0,0,0,0,0,0,0,0,0,0,0,0,0,0,0,0,0,0,0,0,0,0,0,0,0,0,0,0,0,0,0,0,0,0,1,0,0,0,0,0,0,0,0,0,0,0,0,0,0,0,0,0,0,0,0,0,0,0,0,0,0,1,0,0,0,0,0,0,0,1,0,0,0,0,0,0,0,0,0,0,0,0,0,0,0,0,0,0,0,1,0,0,0,0,0,0,0,0,0,0,0,0,0,0,0,0,0,0,0,0,0,0,0,0,0,0,0,0,0,0,0,0,0,0,0,0,0,0,0,0,0,0,0,0,0,0,0,0,0,0,0,0,0,0,0,0,0,0,0,0,0,0,0,0,0,0,0,0,0,0,0,0,0,0,0,0,0,0,0,0,0,0,0,0,0,0,0,0,1,0,0,0,0,0,0,0,0,0,0,0,0,0,0,0,0,0,0,0,0,0,0,0,0,0,0,0,0,0,0,0,0,0,0,0,0,0,0,0,0,0,0,0,0,0,0,0,0,0
Liereyy vs Hearttt G3.aoe2record,Liereyy,388.674,13,0,-1.0,0,0,388.674,0,0,0,0,0,-1.0,-1.0,-1.0,-1.0,-1.0,0.0,0.0,0.0,14.0,362.674,11,1,-1.0,0,0,362.674,0,0,0,0,0,-1.0,-1.0,-1.0,-1.0,-1.0,0.0,13.0,0.0,14.0,0.0,-195,0.0,0.0,0.0,0.0,0.0,0.0,1,0,0,0,0,0,0,0,1,0,0,1,0,0,0,0,0,0,0,0,0,0,0,0,0,0,0,0,0,0,0,0,0,0,0,0,0,0,0,0,0,0,0,0,0,0,0,0,0,0,0,0,0,0,0,0,0,0,0,0,0,0,0,0,0,0,0,0,0,0,0,0,0,0,0,0,0,0,0,0,0,0,0,0,0,0,0,0,0,0,0,0,0,0,0,0,0,0,0,0,0,0,0,0,0,0,0,0,0,0,0,0,0,0,0,0,0,0,0,0,0,0,0,1,0,0,0,0,0,0,0,0,0,0,0,0,0,0,0,0,0,0,0,0,0,0,0,0,0,1,0,0,0,0,0,0,0,0,1,1,0,0,0,0,0,0,0,0,0,0,0,0,0,0,0,0,0,0,0,0,0,0,0,0,0,0,0,0,0,0,0,0,0,0,0,0,0,0,0,0,0,0,0,0,0,0,0,0,0,0,0,0,0,0,0,0,0,0,0,0,0,0,0,0,0,0,0,0,0,0,0,0,0,0,0,0,0,0,0,0,0,0,0,0,0,0,0,0,0,0,0,0,0,0,0,0,0,0,0,0,0,0,0,0,0,0,0,1,0,0,0,0,0,0,0,0,0,0,0,0,0,0,0,0,0,0,0,0,0,0,0,0,0,0,0,0,0,0,0,0,0,0,0,0,0,0,0,0,0,0,0,0,0,0,0,0,0
Liereyy vs Mihai06 G1.aoe2record,Liereyy,654.147,23,0,-1.0,0,0,654.147,0,0,0,0,0,-1.0,-1.0,-1.0,-1.0,-1.0,0.0,6.0,0.0,10.0,806.494,29,1,-1.0,0,0,806.494,0,0,0,0,0,-1.0,-1.0,-1.0,-1.0,-1.0,24.0,0.0,0.0,1.0,0.0,-119,0.0,0.0,0.0,0.0,0.0,0.0,0,1,0,0,0,0,0,0,1,0,0,0,0,0,0,0,0,0,0,0,0,0,0,0,0,0,0,0,0,0,0,0,0,0,0,1,0,0,0,0,0,0,0,0,0,0,0,0,0,0,0,0,0,0,0,0,0,0,0,0,0,0,0,1,0,0,0,0,0,0,0,0,0,0,0,0,0,0,0,0,0,0,0,0,0,0,0,0,0,0,0,0,0,1,0,0,0,0,0,0,0,0,0,0,0,0,0,0,0,0,0,0,0,0,0,0,0,0,0,0,0,0,0,1,0,0,0,0,0,0,0,0,0,0,0,0,0,0,0,0,0,0,0,0,0,0,0,0,0,0,1,0,0,0,0,0,0,0,1,0,0,0,0,0,0,0,0,0,0,0,0,0,0,0,0,0,0,0,0,0,0,0,0,0,0,0,0,0,0,0,0,0,0,0,0,1,0,0,0,0,0,0,0,0,0,0,0,0,0,0,0,0,0,0,0,0,1,0,0,0,0,0,0,0,0,0,0,0,0,0,0,0,0,0,0,0,0,0,0,0,0,0,0,0,0,1,0,0,0,0,0,0,0,0,0,0,0,0,0,0,0,0,0,0,0,0,0,1,0,0,0,0,0,0,0,0,0,0,0,0,0,0,0,0,0,0,0,0,0,0,0,0,0,0,0,0,0,0,0,0,0,0,0,0,0,0,0,0,0,0,0,0,0,0,0,0,0
Liereyy vs Mihai06 G3.aoe2record,TAG_Mihai06,576.147,19,1,541.647,0,1,631.438,0,0,0,5,0,-1.0,-1.0,-1.0,-1.0,-1.0,2.0,0.0,0.0,7.0,581.022,20,1,590.091,0,1,641.688,0,0,0,4,8,897.633,899.258,-1.0,-1.0,-1.0,0.0,9.0,0.0,8.0,87.66413177577246,119,5.0,1.0,25.0,8.0,2.0,22.0,1,0,0,0,0,0,0,1,0,0,0,0,0,0,0,0,0,0,0,0,0,0,0,0,0,1,0,0,0,0,0,0,0,0,0,0,0,0,0,0,0,0,0,0,0,0,0,0,0,0,0,0,0,0,0,0,0,0,0,0,0,0,0,0,0,0,1,0,0,0,0,0,0,0,0,0,0,0,0,0,0,0,0,0,0,0,0,0,0,0,0,0,0,0,0,0,0,0,1,0,0,0,0,0,0,0,0,0,0,0,0,0,1,0,0,0,0,0,0,0,0,0,0,0,0,1,0,0,0,0,0,0,0,0,0,0,0,0,0,0,0,0,0,0,0,0,0,0,0,1,0,0,0,0,0,0,0,1,0,0,0,0,0,0,0,0,0,0,0,0,0,0,0,1,0,0,0,0,0,0,0,0,0,0,0,0,0,0,0,0,0,0,0,0,0,0,0,0,0,0,0,0,0,1,0,0,0,0,0,0,0,0,0,0,0,0,0,0,0,0,0,0,0,0,0,0,1,0,0,0,0,0,0,0,0,0,0,0,0,0,0,0,0,0,0,0,0,0,0,0,0,0,0,0,0,0,0,0,0,0,0,0,0,0,0,1,0,0,0,0,0,0,0,0,0,0,0,0,0,0,1,0,0,0,0,0,0,0,0,0,0,0,0,0,0,1,0,0,1,0,0,1,0,1,1,0,1,0,0,1,0,1,0,1,0,1,0
Liereyy vs Sebastian G3.aoe2record,Liereyy,614.757,21,1,1191.257,0,0,1220.188,0,0,0,0,0,-1.0,-1.0,-1.0,-1.0,-1.0,0.0,7.0,7.0,13.0,663.507,24,0,-1.0,0,0,663.507,0,0,0,0,0,-1.0,-1.0,-1.0,-1.0,-1.0,0.0,0.0,1.0,4.0,0.0,-177,0.0,0.0,0.0,0.0,0.0,0.0,1,0,0,0,0,0,0,1,0,0,0,0,0,0,0,0,0,0,0,0,0,0,0,0,0,0,0,0,0,0,0,0,1,0,0,0,0,0,0,0,0,0,0,0,0,0,0,0,0,0,0,0,0,0,0,0,0,0,0,0,1,0,0,0,0,0,0,0,0,0,0,0,0,0,0,0,0,0,0,0,0,0,0,0,0,0,0,0,0,0,0,1,0,0,0,0,0,0,0,0,0,0,0,0,0,0,0,0,0,0,0,0,0,0,0,0,0,0,0,0,0,0,0,1,0,0,0,0,0,0,0,0,0,0,0,0,0,0,0,0,0,0,0,0,0,0,0,0,0,0,1,0,0,0,0,0,0,0,1,0,0,0,0,0,0,0,0,0,0,0,0,0,0,0,0,0,0,0,0,0,0,0,0,0,0,0,0,0,0,0,1,0,0,0,0,0,0,0,0,0,0,0,0,0,0,0,0,0,0,0,0,0,0,0,0,0,0,0,0,0,0,1,0,0,0,0,0,0,0,0,0,0,0,0,0,0,0,0,0,0,0,0,0,0,1,0,0,0,0,0,0,0,0,0,0,0,0,0,0,0,0,0,0,0,0,0,0,1,0,0,0,0,0,0,0,0,0,0,0,0,0,0,0,0,0,0,0,0,0,0,0,0,0,0,0,0,0,0,0,0,0,0,0,0,0,0,0,0,0,0,0,0,0,0,0,0,0
MbL_vs_Lucho_G3.aoe2record,wR.Lucho,370.188,12,0,-1.0,0,0,370.188,0,0,0,0,0,-1.0,-1.0,-1.0,-1.0,-1.0,0.0,0.0,0.0,7.0,374.452,12,0,-1.0,0,0,374.452,0,0,0,0,0,-1.0,-1.0,-1.0,-1.0,-1.0,0.0,0.0,0.0,7.0,0.0,90,0.0,0.0,0.0,0.0,0.0,0.0,1,0,0,0,0,0,0,0,1,0,1,0,0,0,0,0,0,0,0,0,0,0,0,0,0,0,0,0,0,0,0,0,0,0,0,0,0,0,0,0,0,0,0,0,0,0,0,0,0,0,0,0,0,0,0,0,0,0,0,0,0,0,0,0,0,0,0,0,0,0,0,0,0,0,0,0,0,0,0,0,0,0,0,0,0,0,0,0,0,0,0,0,0,0,0,0,0,0,0,0,0,0,0,0,0,0,0,0,0,0,0,0,0,0,0,0,0,0,0,0,0,0,0,1,0,0,0,0,0,0,0,0,0,0,0,0,0,0,0,0,0,0,0,0,0,0,0,0,0,1,0,0,0,0,0,0,0,0,1,0,0,1,0,0,0,0,0,0,0,0,0,0,0,0,0,0,0,0,0,0,0,0,0,0,0,0,0,0,0,0,0,0,0,0,0,0,0,0,0,0,0,0,0,0,0,0,0,0,0,0,0,0,0,0,0,0,0,0,0,0,1,0,0,0,0,0,0,0,0,0,0,0,0,0,0,0,0,0,0,0,0,0,0,0,0,0,0,0,0,0,0,0,0,0,0,0,0,0,0,0,0,0,0,0,0,0,0,1,0,0,0,0,0,0,0,0,0,0,0,0,0,0,0,0,0,0,0,0,0,0,0,0,0,0,0,0,0,0,0,0,0,0,0,0,0,0,0,0,0,0,0,0,0,0,0,0,0
MbL_vs_Lucho_G5.aoe2record,wR.Lucho,580.827,21,0,-1.0,0,0,580.827,0,0,0,0,0,-1.0,-1.0,-1.0,-1.0,-1.0,0.0,0.0,0.0,6.0,722.93866667,28,0,-1.0,0,0,722.93866667,0,0,0,0,0,-1.0,-1.0,-1.0,-1.0,-1.0,0.0,0.0,0.0,3.0,119.5198728245642,90,2.0,0.0,3.0,3.0,1.0,3.0,1,0,0,0,0,0,0,0,1,0,0,0,0,0,0,0,0,0,0,0,0,0,0,0,0,0,0,0,1,0,0,0,0,0,0,0,0,0,0,0,0,0,0,0,0,0,0,0,0,0,0,0,0,0,0,0,0,0,0,0,0,0,0,0,0,0,0,0,0,0,0,0,1,0,0,0,0,0,0,0,0,0,0,0,0,0,0,0,0,0,0,0,0,0,0,0,0,0,0,0,0,0,0,0,0,0,0,0,0,0,0,0,0,0,0,0,0,0,0,0,0,1,0,0,0,0,0,0,0,0,0,0,0,0,0,0,0,0,0,0,0,0,0,0,0,0,0,0,1,0,1,0,0,0,0,0,0,0,1,0,0,0,0,0,0,0,0,0,0,0,0,0,0,0,0,0,0,0,0,0,0,0,0,0,0,0,0,1,0,0,0,0,0,0,0,0,0,0,0,0,0,0,0,0,0,0,0,0,0,1,0,0,0,0,0,0,0,0,0,0,0,0,0,0,0,0,0,0,0,0,0,0,0,0,0,0,0,0,0,0,0,0,0,0,0,0,1,0,0,0,0,0,0,0,0,0,0,1,0,0,0,0,0,0,0,0,0,0,0,0,1,0,0,0,0,0,0,0,0,0,0,0,0,0,0,0,0,0,0,0,0,0,0,0,0,0,1,0,1,0,0,1,1,0,1,0,1,0,0,0,1,1,0,0,1,1,0
MP Replay v101.103.30471.0 @2025.11.17 151842 (1).aoe2record,Oni.Vinchester,404.118,13,0,-1.0,0,0,404.118,0,0,0,0,0,-1.0,-1.0,-1.0,-1.0,-1.0,2.0,0.0,0.0,9.0,410.618,13,1,-1.0,0,0,410.618,0,0,0,0,0,-1.0,-1.0,-1.0,-1.0,-1.0,0.0,0.0,0.0,11.0,0.0,360,0.0,0.0,0.0,0.0,0.0,0.0,1,0,0,0,0,0,0,0,1,0,0,0,0,1,0,0,0,0,0,0,0,0,0,0,0,0,0,0,0,0,0,0,0,0,0,0,0,0,0,0,0,0,0,0,0,0,0,0,0,0,0,0,0,0,0,0,0,0,0,0,0,0,0,0,1,0,0,0,0,0,0,0,0,0,0,0,0,0,0,0,0,0,0,0,0,0,0,0,0,1,0,0,0,0,0,0,0,0,0,0,0,0,0,0,0,0,0,0,0,0,0,0,0,0,0,0,0,0,0,0,0,0,0,1,0,0,0,0,0,0,0,0,0,0,0,0,0,0,0,0,0,0,0,0,0,0,0,0,0,1,0,0,0,0,0,0,0,0,1,0,0,0,0,0,0,1,0,0,0,0,0,0,0,0,0,0,0,0,0,0,0,0,0,0,0,0,0,0,0,0,0,0,0,0,0,0,0,0,0,0,0,0,0,0,0,0,0,0,0,0,0,0,0,0,0,0,0,0,0,0,0,0,0,0,0,0,0,0,0,0,0,0,0,0,0,0,0,0,0,0,0,0,0,0,0,0,0,0,0,0,0,0,0,0,0,0,0,0,0,0,0,0,0,0,0,0,0,1,0,0,0,0,0,0,0,0,0,0,0,0,0,0,0,0,0,0,0,0,0,0,0,0,0,0,0,0,0,0,0,0,0,0,0,0,0,0,0,0,0,0,0,0,0,0,0,0,0
MP Replay v101.103.30471.0 @2025.11.18 150542 (1).aoe2record,GL.DauT,565.799,20,0,477.130571429,3,1,660.883,0,0,9,0,0,-1.0,-1.0,-1.0,-1.0,-1.0,0.0,0.0,0.0,7.0,567.424,19,1,-1.0,0,0,567.424,0,0,0,0,0,-1.0,-1.0,-1.0,-1.0,-1.0,0.0,1.0,0.0,12.0,72.3671196055225,218,1.0,1.0,2.0,1.0,1.0,5.0,0,0,1,0,0,1,1,0,0,0,0,0,0,0,0,0,0,0,0,0,0,0,0,0,0,0,0,0,0,0,0,0,0,0,0,0,0,0,0,0,0,0,1,0,0,0,0,0,0,0,0,0,0,0,0,0,0,0,0,0,0,0,0,0,0,0,0,0,0,0,0,0,0,0,0,0,0,0,0,0,0,0,0,0,0,0,0,0,0,0,0,0,0,0,0,0,0,0,0,0,0,0,0,0,0,0,0,0,1,0,0,0,0,0,0,0,0,0,0,0,0,0,0,0,0,0,0,0,0,0,0,0,0,0,0,0,0,0,0,1,0,0,0,0,0,0,0,0,0,1,0,0,0,0,0,0,0,0,1,0,0,0,0,0,0,0,0,0,0,1,0,0,0,0,0,0,0,0,0,0,0,0,0,0,0,0,0,0,0,0,0,0,0,0,0,0,0,0,0,0,0,0,0,0,0,0,0,0,0,0,0,0,0,0,0,0,0,1,0,0,0,0,0,0,0,0,0,0,0,0,0,0,0,0,0,0,0,0,0,0,0,0,0,0,0,0,0,0,0,0,0,0,0,0,0,1,0,0,0,0,0,0,0,0,0,0,0,0,0,0,0,0,0,0,0,0,0,0,0,0,0,0,0,0,1,0,0,0,0,0,0,0,0,0,0,1,0,0,0,1,0,1,1,0,1,0,0,1,0,1,0,0,1,0,1,1,0
MP Replay v101.103.30471.0 @2025.11.18 200334 (2).aoe2record,GL.TaToH,554.008,18,1,442.73,3,1,679.772,0,16,0,8,8,999.327,1337.633,-1.0,-1.0,-1.0,0.0,0.0,0.0,10.0,605.813,21,1,623.508,0,1,666.674,0,0,11,1,4,1060.772,-1.0,-1.0,-1.0,-1.0,0.0,0.0,0.0,17.0,67.20119046564577,-19,1.0,1.0,4.0,1.0,1.0,8.0,0,0,1,0,0,1,1,0,0,0,0,0,0,0,0,0,0,0,0,0,0,0,0,0,0,0,0,0,0,1,0,0,0,0,0,0,0,0,0,0,0,0,0,0,0,0,0,0,0,0,0,0,0,0,0,0,0,0,0,0,0,0,0,0,0,0,0,0,0,0,0,0,0,0,0,0,0,0,0,0,0,0,1,0,0,0,0,0,0,0,0,0,0,0,0,0,0,0,0,0,0,0,0,0,0,0,0,0,0,1,0,0,0,0,0,0,0,0,0,0,0,0,0,0,0,0,0,0,0,0,0,1,0,0,0,0,0,0,0,0,0,0,0,0,0,0,0,0,0,0,0,0,0,1,0,0,1,0,0,0,0,0,0,0,0,0,0,0,0,0,0,0,0,0,1,0,0,0,0,0,0,0,0,0,0,0,0,0,0,0,0,0,0,0,0,0,0,0,0,0,0,0,0,0,0,0,0,0,0,0,0,0,0,0,0,0,0,0,0,1,0,0,0,0,0,0,0,0,0,0,0,0,0,0,0,0,0,0,0,0,0,0,0,0,0,0,0,0,0,0,0,0,0,0,0,0,0,0,0,0,1,0,0,0,0,0,0,0,0,0,0,0,0,0,0,0,0,0,0,0,0,0,1,0,0,0,0,0,0,0,0,0,0,0,0,1,0,0,1,0,1,0,0,1,1,0,0,1,0,1,0,1,0,1,0,1,0
MP Replay v101.103.30471.0 @2025.11.21 192415 (2).aoe2record,GL.TaToH,407.966,14,0,-1.0,0,0,407.966,0,0,0,0,0,-1.0,-1.0,-1.0,-1.0,-1.0,0.0,0.0,0.0,2.0,368.16,12,0,-1.0,0,0,368.16,0,0,0,0,0,-1.0,-1.0,-1.0,-1.0,-1.0,0.0,0.0,0.0,2.0,0.0,-307,0.0,0.0,0.0,0.0,0.0,0.0,1,0,0,0,0,0,0,0,1,0,0,0,1,0,0,0,0,0,0,0,0,0,0,0,0,0,0,0,0,0,0,0,0,0,0,0,0,0,0,0,0,0,0,0,0,0,0,0,0,0,0,0,0,0,0,0,0,0,0,0,0,0,0,0,0,0,0,0,0,0,0,0,0,0,0,0,0,0,0,0,0,0,0,0,0,0,0,0,0,0,0,0,0,0,0,0,0,0,0,0,0,0,0,0,0,0,0,0,0,0,0,0,0,0,0,0,0,0,0,0,0,0,0,1,0,0,0,0,0,0,0,0,0,0,0,0,0,0,0,0,0,0,0,0,0,0,0,0,0,1,0,0,0,0,0,0,0,0,1,0,1,0,0,0,0,0,0,0,0,0,0,0,0,0,0,0,0,0,0,0,0,0,0,0,0,0,0,0,0,0,0,0,0,0,0,0,0,0,0,0,0,0,0,0,0,0,0,0,0,0,0,0,0,0,0,0,0,0,0,0,0,0,0,0,0,0,0,0,0,0,0,0,0,0,0,0,0,0,0,0,0,0,0,0,0,0,0,0,0,0,0,0,0,0,0,0,0,0,0,0,0,0,0,0,0,0,0,1,0,0,0,0,0,0,0,0,0,0,0,0,0,0,0,0,0,0,0,0,0,0,0,0,0,0,0,0,0,0,0,0,0,0,0,0,0,0,0,0,0,0,0,0,0,0,0,0,0
MP Replay v101.103.30471.0 @2025.11.23 123034 (1).aoe2record,Oni.Vinchester,484.341,17,0,-1.0,0,0,484.341,0,0,0,0,0,-1.0,-1.0,-1.0,-1.0,-1.0,1.0,0.0,0.0,12.0,423.202,13,1,-1.0,0,0,423.202,0,0,0,0,0,-1.0,-1.0,-1.0,-1.0,-1.0,0.0,0.0,0.0,9.0,0.0,346,0.0,0.0,0.0,0.0,0.0,0.0,1,0,0,0,0,0,0,0,1,0,0,0,0,0,0,0,1,0,0,0,0,0,0,0,0,0,0,0,0,0,0,0,0,0,0,0,0,0,0,0,0,0,0,0,0,0,0,0,0,0,0,0,0,0,0,0,0,0,0,0,0,0,0,0,0,0,0,0,0,0,0,1,0,0,0,0,0,0,0,0,0,0,0,0,0,0,0,0,0,0,0,0,0,0,0,0,0,0,0,0,0,1,0,0,0,0,0,0,0,0,0,0,0,0,0,0,0,0,0,0,0,0,0,1,0,0,0,0,0,0,0,0,0,0,0,0,0,0,0,0,0,0,0,0,0,0,0,0,0,1,0,0,0,0,0,0,0,0,1,0,0,0,0,0,1,0,0,0,0,0,0,0,0,0,0,0,0,0,0,0,0,0,0,0,0,0,0,0,0,0,0,0,0,0,0,0,0,0,0,0,0,0,0,0,0,0,0,0,0,0,0,0,0,0,0,0,0,0,0,0,0,0,0,0,0,0,0,0,0,0,0,0,0,0,0,0,0,0,0,0,0,0,0,0,0,0,0,0,0,0,0,0,0,0,0,0,0,0,0,0,0,0,0,0,0,0,0,1,0,0,0,0,0,0,0,0,0,0,0,0,0,0,0,0,0,0,0,0,0,0,0,0,0,0,0,0,0,0,0,0,0,0,0,0,0,0,0,0,0,0,0,0,0,0,0,0,0
MP Replay v101.103.30471.0 @2025.11.23 133826 (2).aoe2record,wR.Sebastian,760.994,28,0,1114.466,0,0,1258.883,0,0,0,0,0,-1.0,-1.0,-1.0,-1.0,-1.0,0.0,0.0,0.0,7.0,669.188,23,1,1092.119,0,0,1178.633,0,0,0,0,0,-1.0,-1.0,-1.0,-1.0,-1.0,0.0,0.0,0.0,19.0,0.0,124,0.0,0.0,0.0,0.0,0.0,0.0,0,1,0,0,0,0,1,0,0,0,0,0,0,0,0,0,0,0,0,0,0,0,0,0,0,0,0,0,0,0,0,0,0,0,0,0,0,0,0,0,0,0,0,0,0,0,0,0,1,0,0,0,0,0,0,0,0,0,0,0,0,0,0,0,0,0,0,0,0,0,0,0,0,0,0,0,0,0,0,0,0,0,0,0,0,0,0,0,0,0,0,0,0,0,0,0,1,0,0,0,0,0,0,0,0,0,0,0,0,0,0,0,0,0,0,0,0,0,0,0,0,0,0,1,0,0,0,0,0,0,0,0,0,0,0,0,0,0,0,0,0,0,0,0,0,0,0,0,0,0,1,0,0,0,0,0,0,1,0,0,0,0,0,0,0,0,0,0,0,0,0,0,0,0,0,0,0,0,0,0,0,0,0,1,0,0,0,0,0,0,0,0,0,0,0,0,0,0,0,0,0,0,0,0,0,0,0,0,0,0,0,0,0,0,0,0,0,0,0,0,0,0,0,0,1,0,0,0,0,0,0,0,0,0,0,0,0,0,0,0,0,0,0,0,0,0,0,1,0,0,0,0,0,0,0,0,0,0,0,0,0,0,0,0,0,0,0,1,0,0,0,0,0,0,0,0,0,0,0,0,0,0,0,0,0,0,0,0,0,0,0,0,0,0,0,0,0,0,0,0,0,0,0,0,0,0,0,0,0,0,0,0,0,0,0,0,0
Nicov vs Lewis G3.aoe2record,wR.Nicov,559.494,19,1,540.327,0,1,639.563,0,0,0,4,0,-1.0,-1.0,-1.0,-1.0,-1.0,4.0,7.0,0.0,7.0,557.674,19,1,548.966,0,1,596.383,0,0,0,3,2,-1.0,-1.0,-1.0,-1.0,-1.0,0.0,18.0,0.0,8.0,87.32124598286491,-4,7.0,1.0,18.0,4.0,1.0,23.0,1,0,0,0,0,0,0,1,0,0,0,0,0,0,0,0,0,0,0,0,0,0,0,0,0,0,0,0,0,0,0,0,0,0,0,0,0,0,0,1,0,0,0,0,0,0,0,0,0,0,0,0,0,0,0,0,0,0,0,0,0,0,0,0,0,0,0,0,0,1,0,0,0,0,0,0,0,0,0,1,0,0,0,0,0,0,0,0,0,0,0,0,0,0,0,0,0,0,0,0,0,0,0,1,0,0,0,0,0,0,0,0,0,0,0,0,0,0,0,0,0,0,0,0,1,0,0,0,0,0,0,0,0,0,0,0,0,0,0,0,0,0,0,0,0,0,0,0,0,1,0,0,0,0,0,0,0,1,0,0,0,0,0,0,0,0,0,0,0,0,0,0,0,0,0,0,1,0,0,0,0,0,0,0,0,0,0,0,0,0,0,0,0,0,0,0,0,0,0,0,0,0,0,0,0,0,0,0,0,0,0,0,0,1,0,0,0,0,0,0,0,0,0,0,0,0,0,0,0,0,0,0,0,0,0,0,0,0,0,0,0,0,1,0,0,0,0,0,0,0,0,0,0,0,0,0,1,0,0,0,0,0,0,0,0,0,0,0,0,0,0,0,0,0,0,0,0,0,0,0,0,1,0,0,0,0,0,0,0,0,0,0,0,0,0,0,0,1,1,0,1,0,1,0,1,0,0,0,1,1,0,0,1,1,0,1,0
Nicov vs Lewis G5.aoe2record,wR.Nicov,625.716,21,1,-1.0,0,0,625.716,0,0,0,0,0,-1.0,-1.0,-1.0,-1.0,-1.0,27.0,0.0,2.0,2.0,555.841,19,1,637.119,0,1,701.716,0,0,5,0,2,-1.0,-1.0,-1.0,-1.0,-1.0,0.0,18.0,0.0,3.0,70.8801805866774,-4,2.0,0.0,9.0,3.0,0.0,7.0,1,0,0,0,0,0,0,0,1,0,0,0,0,0,0,0,0,0,0,0,0,0,0,0,0,0,0,0,0,0,0,0,0,0,0,0,0,0,0,0,1,0,0,0,0,0,0,0,0,0,0,0,0,0,0,0,0,0,0,0,0,0,0,0,0,0,0,0,0,0,0,0,0,0,0,0,0,0,0,0,0,0,0,0,0,0,1,0,0,0,0,0,0,0,0,0,0,0,0,0,0,0,0,0,0,0,0,0,0,0,0,0,0,0,0,0,0,0,0,0,1,0,0,0,0,0,0,0,0,1,0,0,0,0,0,0,0,0,0,0,0,0,0,0,0,0,0,0,0,0,0,0,0,1,0,0,1,0,0,0,0,0,0,0,0,0,0,0,0,1,0,0,0,0,0,0,0,0,0,0,0,0,0,0,0,0,0,0,0,0,0,0,0,0,0,0,0,0,0,0,0,0,0,0,1,0,0,0,0,0,0,0,0,0,0,0,0,0,0,0,0,0,0,0,0,0,0,0,0,1,0,0,0,0,0,0,0,0,0,0,0,0,0,0,0,0,0,0,0,0,0,0,0,0,0,0,0,0,0,0,0,1,0,0,0,0,0,0,0,0,0,0,0,0,0,0,0,0,0,0,0,0,0,0,0,0,0,0,0,0,0,0,0,0,1,1,0,0,1,0,1,0,1,0,1,0,1,0,0,1,0,1,0,1,0,1,0
test3.aoe2record,Mars_zZ,557.171,19,1,426.357,0,1,658.714,0,0,0,0,11,689.904,902.927,1015.556,-1.0,-1.0,0.0,27.0,0.0,5.0,510.621,17,1,501.972,0,1,553.458,0,0,0,0,0,-1.0,-1.0,-1.0,-1.0,-1.0,0.0,0.0,0.0,10.0,74.33034373659252,28,1.0,2.0,4.0,0.0,2.0,4.0,1,0,0,0,0,0,1,0,0,0,0,0,0,0,0,0,0,0,0,0,0,0,0,0,0,0,0,0,0,0,0,0,0,0,0,0,0,0,0,0,0,0,0,0,0,0,0,1,0,0,0,0,1,0,0,0,0,0,0,0,0,0,0,0,0,0,0,0,0,0,0,0,0,0,0,0,0,0,0,0,0,0,0,0,0,0,0,0,0,0,0,0,0,0,0,0,0,0,0,0,0,0,0,0,0,0,0,1,0,0,0,0,0,0,0,0,0,0,0,0,0,0,0,0,0,0,0,0,0,0,0,0,0,0,0,0,0,1,0,0,0,0,0,0,0,0,0,0,0,1,0,0,0,0,0,0,1,0,0,0,0,0,0,0,0,0,0,0,0,0,0,0,0,0,0,0,0,0,0,0,0,0,0,0,0,0,0,0,0,0,0,0,0,0,0,0,0,0,0,0,0,0,0,0,0,0,0,0,0,0,0,0,0,0,0,0,0,0,0,0,0,0,0,0,0,0,0,0,0,0,0,0,0,0,0,0,0,0,0,0,0,0,0,0,0,0,0,0,0,0,0,1,0,0,0,0,0,0,0,0,0,0,0,0,0,0,0,0,0,0,0,0,0,0,0,0,0,0,0,0,0,0,0,0,0,0,0,0,0,0,1,0,0,0,0,0,1,0,1,0,0,1,1,0,1,0,0,1,0,1,0,1,0,0,1,1,0
TheViper vs TaToH G1.aoe2record,GL.TaToH,781.716,28,1,713.091,0,1,970.049,0,0,6,0,0,-1.0,-1.0,-1.0,-1.0,-1.0,3.0,0.0,0.0,4.0,633.438,22,1,-1.0,0,0,633.438,0,0,0,0,0,-1.0,-1.0,-1.0,-1.0,-1.0,0.0,0.0,0.0,3.0,0.0,-235,0.0,0.0,0.0,0.0,0.0,0.0,0,0,0,0,1,0,1,0,0,0,0,0,0,0,0,0,0,0,0,0,0,0,0,0,0,0,0,0,0,0,0,0,0,0,0,0,0,0,0,0,0,0,0,0,0,1,0,0,0,0,0,0,0,0,0,0,0,0,0,0,0,0,0,0,0,0,0,0,0,0,0,0,0,0,0,0,0,0,0,0,0,0,0,1,0,0,0,0,0,0,0,0,0,0,0,0,0,0,0,0,0,0,0,0,0,0,0,0,0,0,0,0,0,0,0,0,0,0,0,0,0,0,0,1,0,0,0,0,0,0,0,0,0,0,0,0,0,0,0,0,0,0,0,0,0,0,0,0,0,1,0,0,0,0,0,0,0,0,1,0,0,0,0,0,0,0,0,0,0,0,0,0,0,0,0,0,0,0,0,0,0,0,0,0,0,0,0,0,0,0,0,0,0,0,0,0,0,1,0,0,0,0,0,0,0,0,0,0,0,0,0,0,0,0,0,0,0,0,0,0,0,0,0,0,0,0,0,0,0,0,0,0,0,0,0,0,0,0,0,0,0,0,0,0,0,0,0,0,0,0,0,0,0,0,0,0,0,0,0,0,0,0,0,0,0,0,0,1,0,0,0,0,0,0,0,0,0,0,0,0,0,0,0,0,0,0,0,0,0,0,0,0,0,0,0,0,0,0,0,0,0,0,0,0,0,0,0,0,0,0,0,0,0,0,0,0,0
TheViper vs TaToH G2.aoe2record,GL.TheViper,557.063,19,1,493.924,1,1,796.674,0,0,4,1,6,857.616571429,889.438,-1.0,-1.0,-1.0,11.0,1.0,0.0,4.0,580.619,20,1,456.744,3,1,580.619,0,0,0,0,0,-1.0,-1.0,-1.0,-1.0,-1.0,4.0,10.0,0.0,10.0,66.85057965343307,235,3.0,0.0,7.0,2.0,0.0,5.0,0,0,1,0,0,1,1,0,0,0,0,0,0,0,0,0,0,0,0,0,0,1,0,0,0,0,0,0,0,0,0,0,0,0,0,0,0,0,0,0,0,0,0,0,0,0,0,0,0,0,0,0,0,0,0,0,0,0,0,0,0,0,0,0,0,0,0,0,0,0,1,0,0,0,0,0,0,0,1,0,0,0,0,0,0,0,0,0,0,0,0,0,0,0,0,0,0,0,0,0,0,0,0,0,0,0,0,0,0,0,0,1,0,0,0,0,0,0,0,0,0,0,0,0,0,0,0,0,0,0,0,1,0,0,0,0,0,0,0,0,0,0,0,0,0,0,0,0,0,1,0,0,0,0,0,1,0,0,1,0,0,0,0,0,0,0,0,0,0,0,0,0,0,0,0,0,0,0,0,0,1,0,0,0,0,0,0,0,0,0,0,0,0,0,0,0,0,0,0,0,0,0,0,0,0,0,0,0,0,0,0,0,0,0,0,1,0,0,0,0,0,0,0,0,0,0,0,0,0,0,0,0,0,0,0,0,0,0,0,0,0,0,0,0,0,0,0,0,0,0,0,0,0,0,0,0,0,0,0,0,0,0,0,0,0,0,1,0,0,0,0,0,0,0,0,0,0,0,0,0,0,0,0,0,0,0,0,0,0,0,0,0,1,0,0,0,0,1,1,0,1,0,1,0,1,0,0,1,0,0,1,1,0,0,1,1,0
TheViper vs TaToH G5.aoe2record,GL.TheViper,564.91066667,21,1,485.188,3,1,687.299,0,0,2,0,6,782.299,850.313,-1.0,-1.0,-1.0,0.0,2.0,0.0,7.0,657.397,23,1,-1.0,0,0,657.397,0,0,0,0,6,967.952,1024.008,-1.0,-1.0,-1.0,29.0,0.0,0.0,1.0,73.06161783043132,235,2.0,1.0,6.0,2.0,0.0,6.0,0,0,1,0,0,1,1,0,0,0,0,0,0,0,0,0,0,0,0,0,0,0,0,0,0,0,1,0,0,0,0,0,0,0,0,0,0,0,0,0,0,0,0,0,0,0,0,0,0,0,0,0,0,0,1,0,0,0,0,0,0,0,0,0,0,0,0,0,0,0,0,0,0,0,0,0,1,0,0,0,0,0,0,0,0,0,0,0,0,0,0,0,0,0,0,0,0,0,0,0,0,0,0,0,0,0,0,0,0,0,0,0,0,1,0,0,0,0,0,0,0,0,0,0,0,0,0,0,0,0,0,0,0,0,0,0,0,0,0,0,0,0,0,0,0,0,0,1,0,0,1,0,0,0,0,0,0,0,1,0,0,0,0,0,0,0,0,0,0,0,0,0,0,0,0,0,0,0,0,0,0,1,0,0,0,0,0,0,0,0,0,0,0,0,0,0,0,0,0,0,0,0,0,0,0,1,0,0,0,0,0,0,0,0,0,0,0,0,0,0,0,0,0,0,0,0,0,0,0,0,0,0,0,0,0,0,0,0,1,0,0,0,0,0,0,0,0,0,0,0,1,0,0,0,0,0,0,0,0,0,0,0,0,0,0,0,0,0,0,0,0,0,0,0,1,0,0,0,0,0,0,0,0,0,0,0,0,0,0,0,0,0,0,0,0,1,0,0,0,1,1,0,1,0,1,0,0,1,0,1,0,1,0,1,0,1,0
Yo_vs_Valas_G1.aoe2record,_LY_斗鱼猜火车Yo,563.966,19,1,441.521,3,1,1100.341,0,0,0,1,0,-1.0,-1.0,-1.0,-1.0,-1.0,0.0,7.0,0.0,9.0,655.382,24,0,664.452,0,1,699.188,0,5,0,0,0,-1.0,-1.0,-1.0,-1.0,-1.0,0.0,0.0,0.0,7.0,67.80117993073571,96,1.0,1.0,4.0,1.0,2.0,4.0,1,0,0,0,0,1,0,1,0,0,0,0,0,0,0,0,0,0,0,0,0,0,0,0,0,0,0,0,0,0,0,0,0,1,0,0,0,0,0,0,0,0,0,0,0,0,0,0,0,0,0,0,0,0,0,1,0,0,0,0,0,0,0,0,0,0,0,0,0,0,0,0,0,0,0,0,0,0,0,0,0,0,0,0,0,0,0,0,0,0,1,0,0,0,0,0,0,0,0,0,0,0,0,0,0,0,0,0,0,0,0,1,0,0,0,0,0,0,0,0,0,0,0,0,0,0,0,0,0,0,0,0,0,0,0,0,0,0,0,0,0,1,0,0,0,0,0,0,0,0,0,0,0,0,1,0,1,0,0,0,0,0,0,0,0,0,0,0,0,0,0,0,0,0,0,0,0,0,0,1,0,0,0,0,0,0,0,0,0,0,0,0,0,0,0,0,0,0,0,0,0,0,0,0,0,0,0,0,0,0,0,0,0,0,0,0,0,0,0,0,0,0,0,1,0,0,0,0,0,0,0,0,0,0,0,0,0,0,0,0,0,0,0,0,0,0,0,0,0,0,0,0,0,0,0,0,0,0,1,0,0,0,0,0,0,0,0,0,0,0,0,0,0,0,0,0,0,1,0,0,0,0,0,0,0,0,0,0,0,0,0,0,0,0,0,1,0,0,1,0,1,0,0,1,0,1,0,1,0,1,0,0,1,1,0,1,0
Yo_vs_Valas_G3.aoe2record,_LY_斗鱼猜火车Yo,554.827,19,0,882.507,0,0,554.827,0,0,0,0,0,-1.0,-1.0,-1.0,-1.0,-1.0,1.0,15.0,0.0,4.0,602.563,21,0,-1.0,0,0,602.563,0,0,0,0,0,-1.0,-1.0,-1.0,-1.0,-1.0,0.0,0.0,0.0,0.0,68.24221567329127,96,1.0,0.0,7.0,1.0,1.0,8.0,1,0,0,0,0,0,0,0,1,0,0,0,0,0,0,0,0,0,0,0,0,0,1,0,0,0,0,0,0,0,0,0,0,0,0,0,0,0,0,0,0,0,0,0,0,0,0,0,0,0,0,0,0,0,0,0,0,0,0,0,0,0,1,0,0,0,0,0,0,0,0,0,0,0,0,0,0,0,0,0,0,0,0,0,0,0,0,0,0,0,0,0,0,0,0,0,0,0,0,0,0,0,0,1,0,0,0,0,0,0,0,0,0,0,0,0,0,0,0,0,0,0,0,0,0,0,0,0,0,0,0,0,0,0,0,0,0,0,0,0,0,0,0,0,0,0,1,0,0,1,0,0,0,0,0,0,0,0,1,0,0,0,0,0,0,0,0,0,0,0,0,0,0,0,0,0,0,0,0,0,0,0,0,0,1,0,0,0,0,0,0,0,0,0,0,0,0,0,0,0,1,0,0,0,0,0,0,0,0,0,0,0,0,0,0,0,0,0,0,0,0,0,0,0,0,0,0,0,0,0,0,0,0,0,0,0,0,0,0,0,0,0,0,0,0,0,0,0,0,1,0,0,0,0,0,0,0,0,0,0,0,0,0,0,0,0,0,0,0,0,0,0,0,0,0,0,0,0,1,0,0,0,0,0,0,0,0,0,0,0,0,0,0,0,0,1,0,0,1,0,1,0,1,0,1,0,1,0,0,1,0,1,0,0,1,1,0
